PRAGMA foreign_keys=OFF;
BEGIN TRANSACTION;
CREATE TABLE IF NOT EXISTS "django_migrations" ("id" integer NOT NULL PRIMARY KEY AUTOINCREMENT, "app" varchar(255) NOT NULL, "name" varchar(255) NOT NULL, "applied" datetime NOT NULL);
INSERT INTO django_migrations VALUES(1,'contenttypes','0001_initial','2020-11-29 13:30:34.664200');
INSERT INTO django_migrations VALUES(2,'auth','0001_initial','2020-11-29 13:30:34.966644');
INSERT INTO django_migrations VALUES(3,'admin','0001_initial','2020-11-29 13:30:35.313362');
INSERT INTO django_migrations VALUES(4,'admin','0002_logentry_remove_auto_add','2020-11-29 13:30:35.521811');
INSERT INTO django_migrations VALUES(5,'admin','0003_logentry_add_action_flag_choices','2020-11-29 13:30:36.064442');
INSERT INTO django_migrations VALUES(6,'contenttypes','0002_remove_content_type_name','2020-11-29 13:30:36.292873');
INSERT INTO django_migrations VALUES(7,'auth','0002_alter_permission_name_max_length','2020-11-29 13:30:36.552765');
INSERT INTO django_migrations VALUES(8,'auth','0003_alter_user_email_max_length','2020-11-29 13:30:36.800127');
INSERT INTO django_migrations VALUES(9,'auth','0004_alter_user_username_opts','2020-11-29 13:30:37.057534');
INSERT INTO django_migrations VALUES(10,'auth','0005_alter_user_last_login_null','2020-11-29 13:30:37.220448');
INSERT INTO django_migrations VALUES(11,'auth','0006_require_contenttypes_0002','2020-11-29 13:30:37.476025');
INSERT INTO django_migrations VALUES(12,'auth','0007_alter_validators_add_error_messages','2020-11-29 13:30:37.680424');
INSERT INTO django_migrations VALUES(13,'auth','0008_alter_user_username_max_length','2020-11-29 13:30:37.926598');
INSERT INTO django_migrations VALUES(14,'auth','0009_alter_user_last_name_max_length','2020-11-29 13:30:38.154845');
INSERT INTO django_migrations VALUES(15,'auth','0010_alter_group_name_max_length','2020-11-29 13:30:38.411164');
INSERT INTO django_migrations VALUES(16,'auth','0011_update_proxy_permissions','2020-11-29 13:30:38.627393');
INSERT INTO django_migrations VALUES(17,'allocation','0001_initial','2020-11-29 13:30:38.865750');
INSERT INTO django_migrations VALUES(18,'allocation','0002_auto_20201127_1956','2020-11-29 13:30:39.161306');
INSERT INTO django_migrations VALUES(19,'allocation','0003_iteminfo','2020-11-29 13:30:39.429670');
INSERT INTO django_migrations VALUES(20,'allocation','0004_request_transaction','2020-11-29 13:30:39.767547');
INSERT INTO django_migrations VALUES(21,'allocation','0005_supplier','2020-11-29 13:30:40.128928');
INSERT INTO django_migrations VALUES(22,'allocation','0006_auto_20201127_2021','2020-11-29 13:30:40.459521');
INSERT INTO django_migrations VALUES(23,'allocation','0007_auto_20201127_2027','2020-11-29 13:30:40.716495');
INSERT INTO django_migrations VALUES(24,'allocation','0008_auto_20201127_2028','2020-11-29 13:30:40.941870');
INSERT INTO django_migrations VALUES(25,'allocation','0009_auto_20201127_2029','2020-11-29 13:30:41.172122');
INSERT INTO django_migrations VALUES(26,'allocation','0010_auto_20201127_2033','2020-11-29 13:30:41.431293');
INSERT INTO django_migrations VALUES(27,'allocation','0011_auto_20201129_1210','2020-11-29 13:30:41.641776');
INSERT INTO django_migrations VALUES(28,'allocation','0012_auto_20201129_1330','2020-11-29 13:30:41.883991');
INSERT INTO django_migrations VALUES(29,'wagtailcore','0001_initial','2020-11-29 13:30:42.154927');
INSERT INTO django_migrations VALUES(30,'wagtailcore','0002_initial_data','2020-11-29 13:30:42.155285');
INSERT INTO django_migrations VALUES(31,'wagtailcore','0003_add_uniqueness_constraint_on_group_page_permission','2020-11-29 13:30:42.155603');
INSERT INTO django_migrations VALUES(32,'wagtailcore','0004_page_locked','2020-11-29 13:30:42.155918');
INSERT INTO django_migrations VALUES(33,'wagtailcore','0005_add_page_lock_permission_to_moderators','2020-11-29 13:30:42.156208');
INSERT INTO django_migrations VALUES(34,'wagtailcore','0006_add_lock_page_permission','2020-11-29 13:30:42.156493');
INSERT INTO django_migrations VALUES(35,'wagtailcore','0007_page_latest_revision_created_at','2020-11-29 13:30:42.156779');
INSERT INTO django_migrations VALUES(36,'wagtailcore','0008_populate_latest_revision_created_at','2020-11-29 13:30:42.157062');
INSERT INTO django_migrations VALUES(37,'wagtailcore','0009_remove_auto_now_add_from_pagerevision_created_at','2020-11-29 13:30:42.157344');
INSERT INTO django_migrations VALUES(38,'wagtailcore','0010_change_page_owner_to_null_on_delete','2020-11-29 13:30:42.157629');
INSERT INTO django_migrations VALUES(39,'wagtailcore','0011_page_first_published_at','2020-11-29 13:30:42.157911');
INSERT INTO django_migrations VALUES(40,'wagtailcore','0012_extend_page_slug_field','2020-11-29 13:30:42.158191');
INSERT INTO django_migrations VALUES(41,'wagtailcore','0013_update_golive_expire_help_text','2020-11-29 13:30:42.158471');
INSERT INTO django_migrations VALUES(42,'wagtailcore','0014_add_verbose_name','2020-11-29 13:30:42.158755');
INSERT INTO django_migrations VALUES(43,'wagtailcore','0015_add_more_verbose_names','2020-11-29 13:30:42.159038');
INSERT INTO django_migrations VALUES(44,'wagtailcore','0016_change_page_url_path_to_text_field','2020-11-29 13:30:42.159321');
INSERT INTO django_migrations VALUES(45,'wagtailcore','0017_change_edit_page_permission_description','2020-11-29 13:30:42.465020');
INSERT INTO django_migrations VALUES(46,'wagtailcore','0018_pagerevision_submitted_for_moderation_index','2020-11-29 13:30:42.724379');
INSERT INTO django_migrations VALUES(47,'wagtailcore','0019_verbose_names_cleanup','2020-11-29 13:30:43.027230');
INSERT INTO django_migrations VALUES(48,'wagtailcore','0020_add_index_on_page_first_published_at','2020-11-29 13:30:43.306160');
INSERT INTO django_migrations VALUES(49,'wagtailcore','0021_capitalizeverbose','2020-11-29 13:30:43.816133');
INSERT INTO django_migrations VALUES(50,'wagtailcore','0022_add_site_name','2020-11-29 13:30:44.097882');
INSERT INTO django_migrations VALUES(51,'wagtailcore','0023_alter_page_revision_on_delete_behaviour','2020-11-29 13:30:44.340969');
INSERT INTO django_migrations VALUES(52,'wagtailcore','0024_collection','2020-11-29 13:30:44.663833');
INSERT INTO django_migrations VALUES(53,'wagtailcore','0025_collection_initial_data','2020-11-29 13:30:44.962780');
INSERT INTO django_migrations VALUES(54,'wagtailcore','0026_group_collection_permission','2020-11-29 13:30:45.217756');
INSERT INTO django_migrations VALUES(55,'wagtailcore','0027_fix_collection_path_collation','2020-11-29 13:30:45.506576');
INSERT INTO django_migrations VALUES(56,'wagtailcore','0024_alter_page_content_type_on_delete_behaviour','2020-11-29 13:30:45.657425');
INSERT INTO django_migrations VALUES(57,'wagtailcore','0028_merge','2020-11-29 13:30:45.945630');
INSERT INTO django_migrations VALUES(58,'wagtailcore','0029_unicode_slugfield_dj19','2020-11-29 13:30:46.172042');
INSERT INTO django_migrations VALUES(59,'wagtailcore','0030_index_on_pagerevision_created_at','2020-11-29 13:30:46.506606');
INSERT INTO django_migrations VALUES(60,'wagtailcore','0031_add_page_view_restriction_types','2020-11-29 13:30:46.758499');
INSERT INTO django_migrations VALUES(61,'wagtailcore','0032_add_bulk_delete_page_permission','2020-11-29 13:30:46.948015');
INSERT INTO django_migrations VALUES(62,'wagtailcore','0033_remove_golive_expiry_help_text','2020-11-29 13:30:47.179796');
INSERT INTO django_migrations VALUES(63,'wagtailcore','0034_page_live_revision','2020-11-29 13:30:47.462188');
INSERT INTO django_migrations VALUES(64,'wagtailcore','0035_page_last_published_at','2020-11-29 13:30:47.661019');
INSERT INTO django_migrations VALUES(65,'wagtailcore','0036_populate_page_last_published_at','2020-11-29 13:30:47.904120');
INSERT INTO django_migrations VALUES(66,'wagtailcore','0037_set_page_owner_editable','2020-11-29 13:30:48.082263');
INSERT INTO django_migrations VALUES(67,'wagtailcore','0038_make_first_published_at_editable','2020-11-29 13:30:48.310004');
INSERT INTO django_migrations VALUES(68,'wagtailcore','0039_collectionviewrestriction','2020-11-29 13:30:48.531425');
INSERT INTO django_migrations VALUES(69,'wagtailcore','0040_page_draft_title','2020-11-29 13:30:48.844057');
INSERT INTO django_migrations VALUES(70,'home','0001_initial','2020-11-29 13:30:49.139711');
INSERT INTO django_migrations VALUES(71,'home','0002_create_homepage','2020-11-29 13:30:49.312706');
INSERT INTO django_migrations VALUES(72,'sessions','0001_initial','2020-11-29 13:30:49.458111');
INSERT INTO django_migrations VALUES(73,'taggit','0001_initial','2020-11-29 13:30:49.689587');
INSERT INTO django_migrations VALUES(74,'taggit','0002_auto_20150616_2121','2020-11-29 13:30:49.936741');
INSERT INTO django_migrations VALUES(75,'taggit','0003_taggeditem_add_unique_index','2020-11-29 13:30:50.113642');
INSERT INTO django_migrations VALUES(76,'wagtailadmin','0001_create_admin_access_permissions','2020-11-29 13:30:50.394232');
INSERT INTO django_migrations VALUES(77,'wagtailcore','0041_group_collection_permissions_verbose_name_plural','2020-11-29 13:30:50.614458');
INSERT INTO django_migrations VALUES(78,'wagtailcore','0042_index_on_pagerevision_approved_go_live_at','2020-11-29 13:30:50.769424');
INSERT INTO django_migrations VALUES(79,'wagtailcore','0043_lock_fields','2020-11-29 13:30:50.998806');
INSERT INTO django_migrations VALUES(80,'wagtailcore','0044_add_unlock_grouppagepermission','2020-11-29 13:30:51.299123');
INSERT INTO django_migrations VALUES(81,'wagtailcore','0045_assign_unlock_grouppagepermission','2020-11-29 13:30:51.513560');
INSERT INTO django_migrations VALUES(82,'wagtailcore','0046_site_name_remove_null','2020-11-29 13:30:51.786944');
INSERT INTO django_migrations VALUES(83,'wagtailcore','0047_add_workflow_models','2020-11-29 13:30:52.210321');
INSERT INTO django_migrations VALUES(84,'wagtailcore','0048_add_default_workflows','2020-11-29 13:30:52.450261');
INSERT INTO django_migrations VALUES(85,'wagtailcore','0049_taskstate_finished_by','2020-11-29 13:30:52.604909');
INSERT INTO django_migrations VALUES(86,'wagtailcore','0050_workflow_rejected_to_needs_changes','2020-11-29 13:30:52.814662');
INSERT INTO django_migrations VALUES(87,'wagtailcore','0051_taskstate_comment','2020-11-29 13:30:53.012535');
INSERT INTO django_migrations VALUES(88,'wagtailcore','0052_pagelogentry','2020-11-29 13:30:53.187684');
INSERT INTO django_migrations VALUES(89,'wagtaildocs','0001_initial','2020-11-29 13:30:53.490193');
INSERT INTO django_migrations VALUES(90,'wagtaildocs','0002_initial_data','2020-11-29 13:30:53.780054');
INSERT INTO django_migrations VALUES(91,'wagtaildocs','0003_add_verbose_names','2020-11-29 13:30:54.013658');
INSERT INTO django_migrations VALUES(92,'wagtaildocs','0004_capitalizeverbose','2020-11-29 13:30:54.432826');
INSERT INTO django_migrations VALUES(93,'wagtaildocs','0005_document_collection','2020-11-29 13:30:54.647018');
INSERT INTO django_migrations VALUES(94,'wagtaildocs','0006_copy_document_permissions_to_collections','2020-11-29 13:30:54.902609');
INSERT INTO django_migrations VALUES(95,'wagtaildocs','0005_alter_uploaded_by_user_on_delete_action','2020-11-29 13:30:55.095341');
INSERT INTO django_migrations VALUES(96,'wagtaildocs','0007_merge','2020-11-29 13:30:55.353819');
INSERT INTO django_migrations VALUES(97,'wagtaildocs','0008_document_file_size','2020-11-29 13:30:55.770200');
INSERT INTO django_migrations VALUES(98,'wagtaildocs','0009_document_verbose_name_plural','2020-11-29 13:30:56.039633');
INSERT INTO django_migrations VALUES(99,'wagtaildocs','0010_document_file_hash','2020-11-29 13:30:56.444429');
INSERT INTO django_migrations VALUES(100,'wagtailembeds','0001_initial','2020-11-29 13:30:56.653584');
INSERT INTO django_migrations VALUES(101,'wagtailembeds','0002_add_verbose_names','2020-11-29 13:30:57.017593');
INSERT INTO django_migrations VALUES(102,'wagtailembeds','0003_capitalizeverbose','2020-11-29 13:30:57.246837');
INSERT INTO django_migrations VALUES(103,'wagtailembeds','0004_embed_verbose_name_plural','2020-11-29 13:30:57.430016');
INSERT INTO django_migrations VALUES(104,'wagtailembeds','0005_specify_thumbnail_url_max_length','2020-11-29 13:30:57.652491');
INSERT INTO django_migrations VALUES(105,'wagtailforms','0001_initial','2020-11-29 13:30:57.976118');
INSERT INTO django_migrations VALUES(106,'wagtailforms','0002_add_verbose_names','2020-11-29 13:30:58.392937');
INSERT INTO django_migrations VALUES(107,'wagtailforms','0003_capitalizeverbose','2020-11-29 13:30:58.765634');
INSERT INTO django_migrations VALUES(108,'wagtailforms','0004_add_verbose_name_plural','2020-11-29 13:30:58.988237');
INSERT INTO django_migrations VALUES(109,'wagtailimages','0001_initial','2020-11-29 13:30:59.468536');
INSERT INTO django_migrations VALUES(110,'wagtailimages','0002_initial_data','2020-11-29 13:30:59.468962');
INSERT INTO django_migrations VALUES(111,'wagtailimages','0003_fix_focal_point_fields','2020-11-29 13:30:59.469338');
INSERT INTO django_migrations VALUES(112,'wagtailimages','0004_make_focal_point_key_not_nullable','2020-11-29 13:30:59.469687');
INSERT INTO django_migrations VALUES(113,'wagtailimages','0005_make_filter_spec_unique','2020-11-29 13:30:59.470054');
INSERT INTO django_migrations VALUES(114,'wagtailimages','0006_add_verbose_names','2020-11-29 13:30:59.470408');
INSERT INTO django_migrations VALUES(115,'wagtailimages','0007_image_file_size','2020-11-29 13:30:59.470736');
INSERT INTO django_migrations VALUES(116,'wagtailimages','0008_image_created_at_index','2020-11-29 13:30:59.471057');
INSERT INTO django_migrations VALUES(117,'wagtailimages','0009_capitalizeverbose','2020-11-29 13:30:59.471394');
INSERT INTO django_migrations VALUES(118,'wagtailimages','0010_change_on_delete_behaviour','2020-11-29 13:30:59.471718');
INSERT INTO django_migrations VALUES(119,'wagtailimages','0011_image_collection','2020-11-29 13:30:59.472050');
INSERT INTO django_migrations VALUES(120,'wagtailimages','0012_copy_image_permissions_to_collections','2020-11-29 13:30:59.472373');
INSERT INTO django_migrations VALUES(121,'wagtailimages','0013_make_rendition_upload_callable','2020-11-29 13:30:59.472693');
INSERT INTO django_migrations VALUES(122,'wagtailimages','0014_add_filter_spec_field','2020-11-29 13:30:59.473013');
INSERT INTO django_migrations VALUES(123,'wagtailimages','0015_fill_filter_spec_field','2020-11-29 13:30:59.473333');
INSERT INTO django_migrations VALUES(124,'wagtailimages','0016_deprecate_rendition_filter_relation','2020-11-29 13:30:59.473653');
INSERT INTO django_migrations VALUES(125,'wagtailimages','0017_reduce_focal_point_key_max_length','2020-11-29 13:30:59.473971');
INSERT INTO django_migrations VALUES(126,'wagtailimages','0018_remove_rendition_filter','2020-11-29 13:30:59.474290');
INSERT INTO django_migrations VALUES(127,'wagtailimages','0019_delete_filter','2020-11-29 13:30:59.474608');
INSERT INTO django_migrations VALUES(128,'wagtailimages','0020_add-verbose-name','2020-11-29 13:30:59.474927');
INSERT INTO django_migrations VALUES(129,'wagtailimages','0021_image_file_hash','2020-11-29 13:30:59.475245');
INSERT INTO django_migrations VALUES(130,'wagtailimages','0022_uploadedimage','2020-11-29 13:30:59.878608');
INSERT INTO django_migrations VALUES(131,'wagtailredirects','0001_initial','2020-11-29 13:31:00.215289');
INSERT INTO django_migrations VALUES(132,'wagtailredirects','0002_add_verbose_names','2020-11-29 13:31:00.543361');
INSERT INTO django_migrations VALUES(133,'wagtailredirects','0003_make_site_field_editable','2020-11-29 13:31:00.898772');
INSERT INTO django_migrations VALUES(134,'wagtailredirects','0004_set_unique_on_path_and_site','2020-11-29 13:31:01.213227');
INSERT INTO django_migrations VALUES(135,'wagtailredirects','0005_capitalizeverbose','2020-11-29 13:31:01.551794');
INSERT INTO django_migrations VALUES(136,'wagtailredirects','0006_redirect_increase_max_length','2020-11-29 13:31:01.910966');
INSERT INTO django_migrations VALUES(137,'wagtailsearch','0001_initial','2020-11-29 13:31:02.203484');
INSERT INTO django_migrations VALUES(138,'wagtailsearch','0002_add_verbose_names','2020-11-29 13:31:02.540478');
INSERT INTO django_migrations VALUES(139,'wagtailsearch','0003_remove_editors_pick','2020-11-29 13:31:02.803744');
INSERT INTO django_migrations VALUES(140,'wagtailsearch','0004_querydailyhits_verbose_name_plural','2020-11-29 13:31:02.981297');
INSERT INTO django_migrations VALUES(141,'wagtailusers','0001_initial','2020-11-29 13:31:03.221983');
INSERT INTO django_migrations VALUES(142,'wagtailusers','0002_add_verbose_name_on_userprofile','2020-11-29 13:31:03.509367');
INSERT INTO django_migrations VALUES(143,'wagtailusers','0003_add_verbose_names','2020-11-29 13:31:03.821853');
INSERT INTO django_migrations VALUES(144,'wagtailusers','0004_capitalizeverbose','2020-11-29 13:31:04.094084');
INSERT INTO django_migrations VALUES(145,'wagtailusers','0005_make_related_name_wagtail_specific','2020-11-29 13:31:04.341228');
INSERT INTO django_migrations VALUES(146,'wagtailusers','0006_userprofile_prefered_language','2020-11-29 13:31:04.588409');
INSERT INTO django_migrations VALUES(147,'wagtailusers','0007_userprofile_current_time_zone','2020-11-29 13:31:04.832971');
INSERT INTO django_migrations VALUES(148,'wagtailusers','0008_userprofile_avatar','2020-11-29 13:31:05.047606');
INSERT INTO django_migrations VALUES(149,'wagtailusers','0009_userprofile_verbose_name_plural','2020-11-29 13:31:05.309117');
INSERT INTO django_migrations VALUES(150,'wagtailimages','0001_squashed_0021','2020-11-29 13:31:05.552816');
INSERT INTO django_migrations VALUES(151,'wagtailcore','0001_squashed_0016_change_page_url_path_to_text_field','2020-11-29 13:31:05.781252');
INSERT INTO django_migrations VALUES(152,'allocation','0013_reallocation','2020-11-29 14:02:40.027650');
INSERT INTO django_migrations VALUES(153,'allocation','0014_item_process','2020-11-29 14:29:18.488147');
INSERT INTO django_migrations VALUES(154,'allocation','0015_reallocation_current_holder','2020-11-30 14:01:38.970613');
INSERT INTO django_migrations VALUES(155,'allocation','0016_auto_20201130_1402','2020-11-30 14:02:17.633996');
INSERT INTO django_migrations VALUES(156,'allocation','0015_reallocation_current','2020-11-30 14:24:39.665204');
INSERT INTO django_migrations VALUES(157,'allocation','0016_auto_20201130_1425','2020-11-30 14:25:25.678961');
INSERT INTO django_migrations VALUES(158,'allocation','0017_item_item_code','2020-11-30 18:10:26.929892');
INSERT INTO django_migrations VALUES(159,'allocation','0018_request_completed','2020-12-04 06:15:02.270837');
INSERT INTO django_migrations VALUES(160,'allocation','0019_reallocation_created','2020-12-04 08:51:43.895097');
INSERT INTO django_migrations VALUES(161,'allocation','0020_auto_20201204_2049','2020-12-04 20:50:38.245685');
INSERT INTO django_migrations VALUES(162,'allocation','0021_auto_20201204_2056','2020-12-04 20:56:20.624889');
INSERT INTO django_migrations VALUES(163,'allocation','0022_category_category_code','2020-12-04 20:57:47.426610');
INSERT INTO django_migrations VALUES(164,'allocation','0023_auto_20201205_0854','2020-12-05 08:54:47.680583');
INSERT INTO django_migrations VALUES(165,'allocation','0024_profile_profile_status','2020-12-05 08:58:25.397819');
CREATE TABLE IF NOT EXISTS "auth_group_permissions" ("id" integer NOT NULL PRIMARY KEY AUTOINCREMENT, "group_id" integer NOT NULL REFERENCES "auth_group" ("id") DEFERRABLE INITIALLY DEFERRED, "permission_id" integer NOT NULL REFERENCES "auth_permission" ("id") DEFERRABLE INITIALLY DEFERRED);
INSERT INTO auth_group_permissions VALUES(1,2,1);
INSERT INTO auth_group_permissions VALUES(2,1,1);
INSERT INTO auth_group_permissions VALUES(3,2,2);
INSERT INTO auth_group_permissions VALUES(4,2,3);
INSERT INTO auth_group_permissions VALUES(5,2,4);
INSERT INTO auth_group_permissions VALUES(6,1,2);
INSERT INTO auth_group_permissions VALUES(7,1,3);
INSERT INTO auth_group_permissions VALUES(8,1,4);
INSERT INTO auth_group_permissions VALUES(9,2,5);
INSERT INTO auth_group_permissions VALUES(10,2,6);
INSERT INTO auth_group_permissions VALUES(11,2,7);
INSERT INTO auth_group_permissions VALUES(12,1,5);
INSERT INTO auth_group_permissions VALUES(13,1,6);
INSERT INTO auth_group_permissions VALUES(14,1,7);
CREATE TABLE IF NOT EXISTS "auth_user_groups" ("id" integer NOT NULL PRIMARY KEY AUTOINCREMENT, "user_id" integer NOT NULL REFERENCES "auth_user" ("id") DEFERRABLE INITIALLY DEFERRED, "group_id" integer NOT NULL REFERENCES "auth_group" ("id") DEFERRABLE INITIALLY DEFERRED);
CREATE TABLE IF NOT EXISTS "auth_user_user_permissions" ("id" integer NOT NULL PRIMARY KEY AUTOINCREMENT, "user_id" integer NOT NULL REFERENCES "auth_user" ("id") DEFERRABLE INITIALLY DEFERRED, "permission_id" integer NOT NULL REFERENCES "auth_permission" ("id") DEFERRABLE INITIALLY DEFERRED);
CREATE TABLE IF NOT EXISTS "django_admin_log" ("id" integer NOT NULL PRIMARY KEY AUTOINCREMENT, "action_time" datetime NOT NULL, "object_id" text NULL, "object_repr" varchar(200) NOT NULL, "change_message" text NOT NULL, "content_type_id" integer NULL REFERENCES "django_content_type" ("id") DEFERRABLE INITIALLY DEFERRED, "user_id" integer NOT NULL REFERENCES "auth_user" ("id") DEFERRABLE INITIALLY DEFERRED, "action_flag" smallint unsigned NOT NULL CHECK ("action_flag" >= 0));
INSERT INTO django_admin_log VALUES(1,'2020-11-29 13:37:37.370255','1','PC','[{"added": {}}]',37,1,1);
INSERT INTO django_admin_log VALUES(2,'2020-11-29 13:37:41.431254','2','PC','[{"added": {}}]',37,1,1);
INSERT INTO django_admin_log VALUES(3,'2020-11-29 13:38:17.065427','2','CHAMPHAIA','[{"added": {}}]',34,1,1);
INSERT INTO django_admin_log VALUES(4,'2020-11-29 13:38:38.809580','2','CHAMPHAI DISTRICT MANAGER','[{"added": {}}]',38,1,1);
INSERT INTO django_admin_log VALUES(5,'2020-11-29 13:38:41.063593','1','CHAMPHAI','[{"added": {}}]',40,1,1);
INSERT INTO django_admin_log VALUES(6,'2020-11-29 13:38:46.731654','1','Monitor','[{"added": {}}]',39,1,1);
INSERT INTO django_admin_log VALUES(7,'2020-11-29 13:39:00.951280','3','Network','[{"added": {}}]',37,1,1);
INSERT INTO django_admin_log VALUES(8,'2020-11-29 13:39:21.604126','3','MAMITA','[{"added": {}}]',34,1,1);
INSERT INTO django_admin_log VALUES(9,'2020-11-29 13:39:31.259114','3','MAMIT DISTRICT MANAGER','[{"added": {}}]',38,1,1);
INSERT INTO django_admin_log VALUES(10,'2020-11-29 13:39:33.308428','2','MAMIT','[{"added": {}}]',40,1,1);
INSERT INTO django_admin_log VALUES(11,'2020-11-29 13:39:37.714857','2','LAN WIRE','[{"added": {}}]',39,1,1);
INSERT INTO django_admin_log VALUES(12,'2020-11-29 13:40:00.931555','4','Laptop','[{"added": {}}]',37,1,1);
INSERT INTO django_admin_log VALUES(13,'2020-11-29 13:40:05.672481','3','Lenovo ideapad d131','[{"added": {}}]',39,1,1);
INSERT INTO django_admin_log VALUES(14,'2020-11-29 13:40:11.489170','2','LAN WIRE','[{"changed": {"fields": ["Status"]}}]',39,1,2);
INSERT INTO django_admin_log VALUES(15,'2020-11-29 20:16:32.749778','4','Keyboard','[{"added": {}}]',39,1,1);
INSERT INTO django_admin_log VALUES(16,'2020-11-29 22:21:46.643474','10','EXTENSION CORDS','',39,1,3);
INSERT INTO django_admin_log VALUES(17,'2020-11-29 22:21:46.938833','9','EXTENSION CORDS','',39,1,3);
INSERT INTO django_admin_log VALUES(18,'2020-11-29 22:21:47.157546','7','EXTENSION CORDS','',39,1,3);
INSERT INTO django_admin_log VALUES(19,'2020-11-29 22:21:47.353781','6','EXTENSION CORDS','',39,1,3);
INSERT INTO django_admin_log VALUES(20,'2020-11-30 11:04:26.489240','1','AIZAWL','[{"added": {}}]',38,1,1);
INSERT INTO django_admin_log VALUES(21,'2020-11-30 11:05:21.734616','3','AIZAWL','[{"added": {}}]',40,1,1);
INSERT INTO django_admin_log VALUES(22,'2020-11-30 12:22:14.621940','1','Reallocation object (1)','[{"changed": {"fields": ["Initiator"]}}]',46,1,2);
INSERT INTO django_admin_log VALUES(23,'2020-11-30 14:02:21.873172','1','Reallocation object (1)','[]',46,1,2);
INSERT INTO django_admin_log VALUES(24,'2020-11-30 14:02:26.541188','1','Reallocation object (1)','[]',46,1,2);
INSERT INTO django_admin_log VALUES(25,'2020-11-30 14:05:57.481674','1','Reallocation object (1)','[]',46,1,2);
INSERT INTO django_admin_log VALUES(26,'2020-11-30 14:08:39.730695','1','Reallocation object (1)','[]',46,1,2);
INSERT INTO django_admin_log VALUES(27,'2020-11-30 14:21:08.572589','1','Reallocation object (1)','',46,1,3);
INSERT INTO django_admin_log VALUES(28,'2020-11-30 14:25:29.597981','1','Reallocation object (1)','[{"added": {}}]',46,1,1);
INSERT INTO django_admin_log VALUES(29,'2020-11-30 14:25:51.247226','1','Reallocation object (1)','[{"changed": {"fields": ["Item"]}}]',46,1,2);
INSERT INTO django_admin_log VALUES(30,'2020-11-30 14:26:37.449653','18','UPS','',39,1,3);
INSERT INTO django_admin_log VALUES(31,'2020-11-30 14:26:37.565253','17','UPS','',39,1,3);
INSERT INTO django_admin_log VALUES(32,'2020-11-30 14:26:37.713105','16','Lenovo ideapad d131','',39,1,3);
INSERT INTO django_admin_log VALUES(33,'2020-11-30 14:26:52.537647','19','ONE','[{"changed": {"fields": ["Category", "District"]}}]',39,1,2);
INSERT INTO django_admin_log VALUES(34,'2020-11-30 14:27:05.770428','1','Reallocation object (1)','[{"changed": {"fields": ["Item"]}}]',46,1,2);
INSERT INTO django_admin_log VALUES(35,'2020-11-30 14:47:36.981399','2','Reallocation object (2)','[{"added": {}}]',46,1,1);
INSERT INTO django_admin_log VALUES(36,'2020-11-30 14:48:08.023283','2','Reallocation object (2)','[{"changed": {"fields": ["Accepted"]}}]',46,1,2);
INSERT INTO django_admin_log VALUES(37,'2020-11-30 14:50:30.331934','2','Reallocation object (2)','[{"changed": {"fields": ["Completed"]}}]',46,1,2);
INSERT INTO django_admin_log VALUES(38,'2020-11-30 14:52:01.976794','2','Reallocation object (2)','[{"changed": {"fields": ["Completed"]}}]',46,1,2);
INSERT INTO django_admin_log VALUES(39,'2020-11-30 14:52:06.596693','1','Reallocation object (1)','[{"changed": {"fields": ["Accepted"]}}]',46,1,2);
INSERT INTO django_admin_log VALUES(40,'2020-11-30 14:54:30.616838','2','Reallocation object (2)','[{"changed": {"fields": ["Completed"]}}]',46,1,2);
INSERT INTO django_admin_log VALUES(41,'2020-11-30 15:44:29.610790','15','Lenovo ideapad d131','',39,1,3);
INSERT INTO django_admin_log VALUES(42,'2020-11-30 15:44:29.735720','14','Lenovo ideapad d131','',39,1,3);
INSERT INTO django_admin_log VALUES(43,'2020-11-30 15:44:29.834285','13','Lenovo ideapad d131','',39,1,3);
INSERT INTO django_admin_log VALUES(44,'2020-11-30 15:44:29.933271','12','Lenovo ideapad d131','',39,1,3);
INSERT INTO django_admin_log VALUES(45,'2020-11-30 15:48:37.395859','8','EXTENSION','',39,1,3);
INSERT INTO django_admin_log VALUES(46,'2020-11-30 15:48:37.651651','4','Keyboard','',39,1,3);
INSERT INTO django_admin_log VALUES(47,'2020-11-30 15:48:54.216330','2','LAN WIRE','',39,1,3);
INSERT INTO django_admin_log VALUES(48,'2020-11-30 19:00:50.893522','1','ONE (from AIZAWL to MAMIT)','[]',46,1,2);
INSERT INTO django_admin_log VALUES(49,'2020-11-30 19:01:01.028432','1','ONE (from AIZAWL to MAMIT)','[]',46,1,2);
INSERT INTO django_admin_log VALUES(50,'2020-11-30 19:10:56.864855','2','EXTENSION CORDS (from AIZAWL to AIZAWL)','[{"changed": {"fields": ["Accepted", "Completed"]}}]',46,1,2);
INSERT INTO django_admin_log VALUES(51,'2020-11-30 19:11:01.456891','1','ONE (from AIZAWL to MAMIT)','[{"changed": {"fields": ["Accepted"]}}]',46,1,2);
INSERT INTO django_admin_log VALUES(52,'2020-11-30 19:12:32.310997','2','EXTENSION CORDS (from AIZAWL to AIZAWL)','[{"changed": {"fields": ["Accepted"]}}]',46,1,2);
INSERT INTO django_admin_log VALUES(53,'2020-11-30 19:12:36.813150','1','ONE (from AIZAWL to MAMIT)','[{"changed": {"fields": ["Accepted"]}}]',46,1,2);
INSERT INTO django_admin_log VALUES(54,'2020-11-30 19:30:48.480511','11','Lenovo ideapad d131','',39,1,3);
INSERT INTO django_admin_log VALUES(55,'2020-11-30 19:31:11.543613','20','HARDDRIVE','[{"added": {}}]',39,1,1);
INSERT INTO django_admin_log VALUES(56,'2020-11-30 19:33:25.750741','20','HARDDRIVE','[{"changed": {"fields": ["Status"]}}]',39,1,2);
INSERT INTO django_admin_log VALUES(57,'2020-11-30 19:41:47.088974','19','ONE','[{"changed": {"fields": ["District"]}}]',39,1,2);
INSERT INTO django_admin_log VALUES(58,'2020-11-30 19:47:06.548891','20','HARDDRIVE','[{"changed": {"fields": ["District"]}}]',39,1,2);
INSERT INTO django_admin_log VALUES(59,'2020-12-02 10:20:41.923096','1','ONE (from MAMIT to MAMIT)','[{"changed": {"fields": ["Accepted", "Completed"]}}]',46,1,2);
INSERT INTO django_admin_log VALUES(60,'2020-12-02 17:55:04.894728','2','EXTENSION CORDS (from AIZAWL to AIZAWL)','[{"changed": {"fields": ["Accepted", "Completed", "Current"]}}]',46,1,2);
INSERT INTO django_admin_log VALUES(61,'2020-12-02 17:55:15.567557','1','ONE (from MAMIT to MAMIT)','[{"changed": {"fields": ["Accepted", "Completed", "Current"]}}]',46,1,2);
INSERT INTO django_admin_log VALUES(62,'2020-12-02 18:40:11.002044','1','ONE (from MAMIT to MAMIT)','[{"changed": {"fields": ["Accepted"]}}]',46,1,2);
INSERT INTO django_admin_log VALUES(63,'2020-12-02 18:44:31.875019','2','EXTENSION CORDS (from AIZAWL to MAMIT)','[{"changed": {"fields": ["Initiator"]}}]',46,1,2);
INSERT INTO django_admin_log VALUES(64,'2020-12-03 16:05:41.117929','2','EXTENSION CORDS (from AIZAWL to MAMIT)','[]',46,1,2);
INSERT INTO django_admin_log VALUES(65,'2020-12-03 16:05:55.274064','1','ONE (from MAMIT to MAMIT)','[{"changed": {"fields": ["Accepted", "Completed", "Current"]}}]',46,1,2);
INSERT INTO django_admin_log VALUES(66,'2020-12-03 16:07:23.242242','2','EXTENSION CORDS (from AIZAWL to MAMIT)','[{"changed": {"fields": ["Accepted"]}}]',46,1,2);
INSERT INTO django_admin_log VALUES(67,'2020-12-03 16:08:30.406066','21','Hub','[{"changed": {"fields": ["Category", "District", "Status"]}}]',39,1,2);
INSERT INTO django_admin_log VALUES(68,'2020-12-03 16:08:50.339357','3','Hub (from CHAMPHAI to MAMIT)','[{"added": {}}]',46,1,1);
INSERT INTO django_admin_log VALUES(69,'2020-12-03 16:09:11.548653','3','Hub (from CHAMPHAI to MAMIT)','[{"changed": {"fields": ["Accepted"]}}]',46,1,2);
INSERT INTO django_admin_log VALUES(70,'2020-12-03 16:10:35.263575','21','Hub','[{"changed": {"fields": ["District"]}}]',39,1,2);
INSERT INTO django_admin_log VALUES(71,'2020-12-03 16:10:44.072832','3','Hub (from CHAMPHAI to MAMIT)','[{"changed": {"fields": ["Accepted", "Completed"]}}]',46,1,2);
INSERT INTO django_admin_log VALUES(72,'2020-12-03 16:10:55.656057','3','Hub (from CHAMPHAI to MAMIT)','[{"changed": {"fields": ["Accepted"]}}]',46,1,2);
INSERT INTO django_admin_log VALUES(73,'2020-12-03 16:56:12.007027','8','None by MAMIT','',42,1,3);
INSERT INTO django_admin_log VALUES(74,'2020-12-03 16:56:12.107721','7','None by MAMIT','',42,1,3);
INSERT INTO django_admin_log VALUES(75,'2020-12-03 18:12:42.596067','2','EXTENSION CORDS (from MAMIT to MAMIT)','[{"changed": {"fields": ["Completed"]}}]',46,1,2);
INSERT INTO django_admin_log VALUES(76,'2020-12-03 20:24:00.312301','10','EXTENSION CORDS by MAMIT','[{"added": {}}]',42,1,1);
INSERT INTO django_admin_log VALUES(77,'2020-12-04 05:58:43.636551','11','HARDDRIVE by MAMIT','[{"added": {}}]',42,1,1);
INSERT INTO django_admin_log VALUES(78,'2020-12-04 07:48:18.860149','2','EXTENSION CORDS (from MAMIT to MAMIT)','[{"changed": {"fields": ["Accepted", "Completed"]}}]',46,1,2);
INSERT INTO django_admin_log VALUES(79,'2020-12-04 08:03:37.164983','3','Hub (from MAMIT to MAMIT)','[{"changed": {"fields": ["Completed"]}}]',46,1,2);
INSERT INTO django_admin_log VALUES(80,'2020-12-04 09:05:17.064673','21','Hub','[{"changed": {"fields": ["District", "Status"]}}]',39,1,2);
INSERT INTO django_admin_log VALUES(81,'2020-12-04 09:06:18.027925','20','HARDDRIVE','[{"changed": {"fields": ["Status"]}}]',39,1,2);
INSERT INTO django_admin_log VALUES(82,'2020-12-04 09:07:40.495117','4','HARDDRIVE (from MAMIT to MAMIT)','',46,1,3);
INSERT INTO django_admin_log VALUES(83,'2020-12-04 14:49:55.749318','5','HARDDRIVE (from CHAMPHAI to CHAMPHAI)','[{"changed": {"fields": ["Accepted", "Completed"]}}]',46,1,2);
INSERT INTO django_admin_log VALUES(84,'2020-12-04 14:50:00.051915','3','Hub (from CHAMPHAI to MAMIT)','[{"changed": {"fields": ["Accepted"]}}]',46,1,2);
INSERT INTO django_admin_log VALUES(85,'2020-12-04 14:50:04.856800','2','EXTENSION CORDS (from MAMIT to MAMIT)','[{"changed": {"fields": ["Accepted"]}}]',46,1,2);
INSERT INTO django_admin_log VALUES(86,'2020-12-04 14:50:09.818474','1','ONE (from MAMIT to MAMIT)','[{"changed": {"fields": ["Accepted", "Completed"]}}]',46,1,2);
INSERT INTO django_admin_log VALUES(87,'2020-12-04 20:54:06.294362','1','Lenovo','[{"added": {}}]',47,1,1);
INSERT INTO django_admin_log VALUES(88,'2020-12-04 20:54:36.310848','1','ItemInfo object (1)','[{"added": {}}]',41,1,1);
INSERT INTO django_admin_log VALUES(89,'2020-12-04 20:55:12.169072','1','ItemInfo object (1)','',41,1,3);
INSERT INTO django_admin_log VALUES(90,'2020-12-04 20:56:52.802612','1','ItemInfo object (1)','[{"added": {}}]',41,1,1);
INSERT INTO django_admin_log VALUES(91,'2020-12-04 20:59:18.795040','4','KOLASIBA','[{"added": {}}]',34,1,1);
INSERT INTO django_admin_log VALUES(92,'2020-12-04 20:59:29.570756','4','KOLASIBA','[{"added": {}}]',38,1,1);
INSERT INTO django_admin_log VALUES(93,'2020-12-04 20:59:47.938340','4','KOLASIB Manager','[{"changed": {"fields": ["Name"]}}]',38,1,2);
INSERT INTO django_admin_log VALUES(94,'2020-12-04 20:59:50.300710','4','KOLASIB','[{"added": {}}]',40,1,1);
INSERT INTO django_admin_log VALUES(95,'2020-12-04 21:00:24.668553','5','SERCHHIPA','[{"added": {}}]',34,1,1);
INSERT INTO django_admin_log VALUES(96,'2020-12-04 21:00:32.078351','5','SERCHHIP Manager','[{"added": {}}]',38,1,1);
INSERT INTO django_admin_log VALUES(97,'2020-12-04 21:00:34.511449','5','SERCHHIP','[{"added": {}}]',40,1,1);
INSERT INTO django_admin_log VALUES(98,'2020-12-04 21:00:54.603206','6','LUNGLEIA','[{"added": {}}]',34,1,1);
INSERT INTO django_admin_log VALUES(99,'2020-12-04 21:00:59.251039','6','LUNGLEI Manager','[{"added": {}}]',38,1,1);
INSERT INTO django_admin_log VALUES(100,'2020-12-04 21:01:01.252462','6','LUNGLEI','[{"added": {}}]',40,1,1);
INSERT INTO django_admin_log VALUES(101,'2020-12-04 21:01:20.582946','7','LAWNGTLAIA','[{"added": {}}]',34,1,1);
INSERT INTO django_admin_log VALUES(102,'2020-12-04 21:01:27.516601','7','LAWNGTLAI Manager','[{"added": {}}]',38,1,1);
INSERT INTO django_admin_log VALUES(103,'2020-12-04 21:01:29.679729','7','LAWNGTLAI','[{"added": {}}]',40,1,1);
INSERT INTO django_admin_log VALUES(104,'2020-12-04 21:01:44.470179','8','SAIHAA','[{"added": {}}]',34,1,1);
INSERT INTO django_admin_log VALUES(105,'2020-12-04 21:01:49.125823','8','SAIHA Manager','[{"added": {}}]',38,1,1);
INSERT INTO django_admin_log VALUES(106,'2020-12-04 21:01:51.230247','8','SAIHA','[{"added": {}}]',40,1,1);
INSERT INTO django_admin_log VALUES(107,'2020-12-04 21:02:10.405592','2','Tp-Link','[{"added": {}}]',47,1,1);
INSERT INTO django_admin_log VALUES(108,'2020-12-04 21:02:17.190357','3','Dell','[{"added": {}}]',47,1,1);
INSERT INTO django_admin_log VALUES(109,'2020-12-04 21:02:52.883814','4','Apple','[{"added": {}}]',47,1,1);
INSERT INTO django_admin_log VALUES(110,'2020-12-04 21:03:05.717225','5','Intel Corp.','[{"added": {}}]',47,1,1);
INSERT INTO django_admin_log VALUES(111,'2020-12-04 21:03:14.732040','6','Hp Inc.','[{"added": {}}]',47,1,1);
INSERT INTO django_admin_log VALUES(112,'2020-12-04 21:03:24.782185','7','Cisco System Inc.','[{"added": {}}]',47,1,1);
INSERT INTO django_admin_log VALUES(113,'2020-12-04 21:03:35.739296','8','Oracle Corp.','[{"added": {}}]',47,1,1);
INSERT INTO django_admin_log VALUES(114,'2020-12-04 21:03:47.871971','9','Jabil Circuit Inc.','[{"added": {}}]',47,1,1);
INSERT INTO django_admin_log VALUES(115,'2020-12-04 21:03:59.476903','10','Western Digital Corp.','[{"added": {}}]',47,1,1);
INSERT INTO django_admin_log VALUES(116,'2020-12-04 21:04:16.372976','11','Texas Instruments Inc.','[{"added": {}}]',47,1,1);
INSERT INTO django_admin_log VALUES(117,'2020-12-04 21:05:48.525834','21','Hub','',39,1,3);
INSERT INTO django_admin_log VALUES(118,'2020-12-04 21:05:48.723629','20','HARDDRIVE','',39,1,3);
INSERT INTO django_admin_log VALUES(119,'2020-12-04 21:05:48.882022','19','ONE','',39,1,3);
INSERT INTO django_admin_log VALUES(120,'2020-12-04 21:05:49.041593','5','EXTENSION CORDS','',39,1,3);
INSERT INTO django_admin_log VALUES(121,'2020-12-04 21:05:49.273591','3','Lenovo ideapad d131','',39,1,3);
INSERT INTO django_admin_log VALUES(122,'2020-12-04 21:05:49.421454','1','Monitor','',39,1,3);
INSERT INTO django_admin_log VALUES(123,'2020-12-04 21:06:06.491372','4','Laptop','',37,1,3);
INSERT INTO django_admin_log VALUES(124,'2020-12-04 21:06:06.619570','3','Network','',37,1,3);
INSERT INTO django_admin_log VALUES(125,'2020-12-04 21:06:06.767757','2','PC','',37,1,3);
INSERT INTO django_admin_log VALUES(126,'2020-12-04 21:06:06.926333','1','PC','',37,1,3);
INSERT INTO django_admin_log VALUES(127,'2020-12-04 21:06:30.530789','5','Input Hardware','[{"added": {}}]',37,1,1);
INSERT INTO django_admin_log VALUES(128,'2020-12-04 21:06:50.646007','6','Output Hardware','[{"added": {}}]',37,1,1);
INSERT INTO django_admin_log VALUES(129,'2020-12-04 21:07:12.176120','7','Processing','[{"added": {}}]',37,1,1);
INSERT INTO django_admin_log VALUES(130,'2020-12-04 21:07:28.503852','8','Storage','[{"added": {}}]',37,1,1);
INSERT INTO django_admin_log VALUES(131,'2020-12-04 21:07:40.301283','9','Communication','[{"added": {}}]',37,1,1);
INSERT INTO django_admin_log VALUES(132,'2020-12-04 22:10:38.630018','22','HARDDRIVE 10TB','[{"added": {}}]',39,1,1);
INSERT INTO django_admin_log VALUES(133,'2020-12-04 22:10:53.093280','22','HARDDRIVE 10TB','[{"changed": {"fields": ["Item code"]}}]',39,1,2);
INSERT INTO django_admin_log VALUES(134,'2020-12-04 22:11:05.710556','1','None','',41,1,3);
INSERT INTO django_admin_log VALUES(135,'2020-12-04 22:11:41.982575','2','HARDDRIVE 10TB','[{"added": {}}]',41,1,1);
INSERT INTO django_admin_log VALUES(136,'2020-12-04 22:19:16.697802','12','None by MAMIT','',42,1,3);
INSERT INTO django_admin_log VALUES(137,'2020-12-04 22:19:16.899019','9','None by MAMIT','',42,1,3);
INSERT INTO django_admin_log VALUES(138,'2020-12-04 22:19:32.412251','13','HARDDRIVE 10TB by SERCHHIP','[{"added": {}}]',42,1,1);
INSERT INTO django_admin_log VALUES(139,'2020-12-05 06:59:59.758790','10','Laptop','[{"added": {}}]',37,1,1);
INSERT INTO django_admin_log VALUES(140,'2020-12-05 07:00:10.908552','11','Desktop','[{"added": {}}]',37,1,1);
INSERT INTO django_admin_log VALUES(141,'2020-12-05 07:00:20.536920','23','Lenovo ideapad d131','[{"added": {}}]',39,1,1);
INSERT INTO django_admin_log VALUES(142,'2020-12-05 08:21:36.565619','15','MPC5E-40G10G by LUNGLEI','[{"added": {}}]',42,1,1);
INSERT INTO django_admin_log VALUES(143,'2020-12-05 08:22:10.564618','16','D-Link Cat6 UTP 24 Port Loaded Patch Panel/ Cat6 24 Port Pane by SERCHHIP','[{"added": {}}]',42,1,1);
INSERT INTO django_admin_log VALUES(144,'2020-12-05 08:24:38.481568','36','Cisco RV340 VPN Router | 4 Gigabit Ethernet (GbE) Ports | Dual WAN |','[{"changed": {"fields": ["District"]}}]',39,1,2);
INSERT INTO django_admin_log VALUES(145,'2020-12-05 08:24:43.383891','39','D-Link Cat6 UTP 24 Port Loaded Patch Panel/ Cat6 24 Port Panel','[{"changed": {"fields": ["District"]}}]',39,1,2);
INSERT INTO django_admin_log VALUES(146,'2020-12-05 08:24:51.850269','29','Netgear N300 WN3000RP 300 Mbps Wireless Access Point','[{"changed": {"fields": ["District"]}}]',39,1,2);
INSERT INTO django_admin_log VALUES(147,'2020-12-05 08:28:59.642985','13','HARDDRIVE 10TB by SERCHHIP','[{"changed": {"fields": ["Remarks"]}}]',42,1,2);
INSERT INTO django_admin_log VALUES(148,'2020-12-05 08:32:35.454178','40','12 Port Cat6 Cat5 RJ45 Patch Panel Ethernet Network Rack Wall Mounted Bracket','[{"changed": {"fields": ["District"]}}]',39,1,2);
INSERT INTO django_admin_log VALUES(149,'2020-12-05 08:32:43.215362','39','D-Link Cat6 UTP 24 Port Loaded Patch Panel/ Cat6 24 Port Panel','[{"changed": {"fields": ["District"]}}]',39,1,2);
INSERT INTO django_admin_log VALUES(150,'2020-12-05 08:32:50.214398','35','Cisco RV042 VPN Router','[{"changed": {"fields": ["District"]}}]',39,1,2);
INSERT INTO django_admin_log VALUES(151,'2020-12-05 08:32:59.616249','31','Mi 4C N300 Wireless 4 Antenna Smart Router','[{"changed": {"fields": ["District"]}}]',39,1,2);
INSERT INTO django_admin_log VALUES(152,'2020-12-05 08:33:16.173879','6','TP-Link Archer C50 AC1200 Dual Band Wireless Cable Router (from AIZAWL to LUNGLEI)','[{"added": {}}]',46,1,1);
INSERT INTO django_admin_log VALUES(153,'2020-12-05 08:33:25.991303','6','TP-Link Archer C50 AC1200 Dual Band Wireless Cable Router (from AIZAWL to LUNGLEI)','[]',46,1,2);
INSERT INTO django_admin_log VALUES(154,'2020-12-05 08:35:02.300252','34','MPC5E-40G10G','[{"changed": {"fields": ["District"]}}]',39,1,2);
INSERT INTO django_admin_log VALUES(155,'2020-12-05 08:35:17.171964','9','MPC5E-40G10G (from LUNGLEI to SERCHHIP)','[{"added": {}}]',46,1,1);
INSERT INTO django_admin_log VALUES(156,'2020-12-05 08:36:51.535249','7','TP-Link Archer C50 AC1200 Dual Band Wireless Cable Router (from AIZAWL to LUNGLEI)','[{"changed": {"fields": ["Accepted"]}}]',46,1,2);
INSERT INTO django_admin_log VALUES(157,'2020-12-05 08:44:24.132892','8','Netgear N300 WN3000RP 300 Mbps Wireless Access Point (from None to LUNGLEI)','[{"changed": {"fields": ["Accepted", "Completed"]}}]',46,1,2);
INSERT INTO django_admin_log VALUES(158,'2020-12-05 08:45:45.287715','8','Netgear N300 WN3000RP 300 Mbps Wireless Access Point (from None to LUNGLEI)','[]',46,1,2);
INSERT INTO django_admin_log VALUES(159,'2020-12-05 08:45:56.197879','8','Netgear N300 WN3000RP 300 Mbps Wireless Access Point (from None to LUNGLEI)','[{"changed": {"fields": ["Current"]}}]',46,1,2);
INSERT INTO django_admin_log VALUES(160,'2020-12-05 08:46:55.854195','29','Netgear N300 WN3000RP 300 Mbps Wireless Access Point','[{"changed": {"fields": ["District"]}}]',39,1,2);
INSERT INTO django_admin_log VALUES(161,'2020-12-05 08:58:45.623002','1','AIZAWL','[{"changed": {"fields": ["Profile status"]}}]',38,1,2);
INSERT INTO django_admin_log VALUES(162,'2020-12-05 08:59:03.824134','9','SUNFLOWER','[{"added": {}}]',34,1,1);
INSERT INTO django_admin_log VALUES(163,'2020-12-05 08:59:17.513138','9','SUNFLOWERA','[{"added": {}}]',38,1,1);
INSERT INTO django_admin_log VALUES(164,'2020-12-05 09:00:11.134581','1','Sunflower Electronics','[{"added": {}}]',44,1,1);
INSERT INTO django_admin_log VALUES(165,'2020-12-05 09:00:35.583744','10','COMPUTERHOUSEA','[{"added": {}}]',34,1,1);
INSERT INTO django_admin_log VALUES(166,'2020-12-05 09:01:33.136537','10','COMPUTERHOUSEA','[{"added": {}}]',38,1,1);
INSERT INTO django_admin_log VALUES(167,'2020-12-05 09:02:11.908857','2','Computer House','[{"added": {}}]',44,1,1);
CREATE TABLE IF NOT EXISTS "django_content_type" ("id" integer NOT NULL PRIMARY KEY AUTOINCREMENT, "app_label" varchar(100) NOT NULL, "model" varchar(100) NOT NULL);
INSERT INTO django_content_type VALUES(1,'wagtailcore','page');
INSERT INTO django_content_type VALUES(2,'home','homepage');
INSERT INTO django_content_type VALUES(3,'wagtailadmin','admin');
INSERT INTO django_content_type VALUES(4,'wagtailcore','groupapprovaltask');
INSERT INTO django_content_type VALUES(5,'wagtaildocs','document');
INSERT INTO django_content_type VALUES(6,'wagtailimages','image');
INSERT INTO django_content_type VALUES(7,'wagtailforms','formsubmission');
INSERT INTO django_content_type VALUES(8,'wagtailredirects','redirect');
INSERT INTO django_content_type VALUES(9,'wagtailembeds','embed');
INSERT INTO django_content_type VALUES(10,'wagtailusers','userprofile');
INSERT INTO django_content_type VALUES(11,'wagtailimages','rendition');
INSERT INTO django_content_type VALUES(12,'wagtailimages','uploadedimage');
INSERT INTO django_content_type VALUES(13,'wagtailsearch','query');
INSERT INTO django_content_type VALUES(14,'wagtailsearch','querydailyhits');
INSERT INTO django_content_type VALUES(15,'wagtailcore','grouppagepermission');
INSERT INTO django_content_type VALUES(16,'wagtailcore','pagerevision');
INSERT INTO django_content_type VALUES(17,'wagtailcore','pageviewrestriction');
INSERT INTO django_content_type VALUES(18,'wagtailcore','site');
INSERT INTO django_content_type VALUES(19,'wagtailcore','collection');
INSERT INTO django_content_type VALUES(20,'wagtailcore','groupcollectionpermission');
INSERT INTO django_content_type VALUES(21,'wagtailcore','collectionviewrestriction');
INSERT INTO django_content_type VALUES(22,'wagtailcore','task');
INSERT INTO django_content_type VALUES(23,'wagtailcore','taskstate');
INSERT INTO django_content_type VALUES(24,'wagtailcore','workflow');
INSERT INTO django_content_type VALUES(25,'wagtailcore','workflowstate');
INSERT INTO django_content_type VALUES(26,'wagtailcore','workflowpage');
INSERT INTO django_content_type VALUES(27,'wagtailcore','workflowtask');
INSERT INTO django_content_type VALUES(28,'wagtailcore','pagelogentry');
INSERT INTO django_content_type VALUES(29,'taggit','tag');
INSERT INTO django_content_type VALUES(30,'taggit','taggeditem');
INSERT INTO django_content_type VALUES(31,'admin','logentry');
INSERT INTO django_content_type VALUES(32,'auth','permission');
INSERT INTO django_content_type VALUES(33,'auth','group');
INSERT INTO django_content_type VALUES(34,'auth','user');
INSERT INTO django_content_type VALUES(35,'contenttypes','contenttype');
INSERT INTO django_content_type VALUES(36,'sessions','session');
INSERT INTO django_content_type VALUES(37,'allocation','category');
INSERT INTO django_content_type VALUES(38,'allocation','profile');
INSERT INTO django_content_type VALUES(39,'allocation','item');
INSERT INTO django_content_type VALUES(40,'allocation','district');
INSERT INTO django_content_type VALUES(41,'allocation','iteminfo');
INSERT INTO django_content_type VALUES(42,'allocation','request');
INSERT INTO django_content_type VALUES(43,'allocation','transaction');
INSERT INTO django_content_type VALUES(44,'allocation','supplier');
INSERT INTO django_content_type VALUES(45,'allocation','order');
INSERT INTO django_content_type VALUES(46,'allocation','reallocation');
INSERT INTO django_content_type VALUES(47,'allocation','manufacturer');
CREATE TABLE IF NOT EXISTS "auth_permission" ("id" integer NOT NULL PRIMARY KEY AUTOINCREMENT, "content_type_id" integer NOT NULL REFERENCES "django_content_type" ("id") DEFERRABLE INITIALLY DEFERRED, "codename" varchar(100) NOT NULL, "name" varchar(255) NOT NULL);
INSERT INTO auth_permission VALUES(1,3,'access_admin','Can access Wagtail admin');
INSERT INTO auth_permission VALUES(2,5,'add_document','Can add document');
INSERT INTO auth_permission VALUES(3,5,'change_document','Can change document');
INSERT INTO auth_permission VALUES(4,5,'delete_document','Can delete document');
INSERT INTO auth_permission VALUES(5,6,'add_image','Can add image');
INSERT INTO auth_permission VALUES(6,6,'change_image','Can change image');
INSERT INTO auth_permission VALUES(7,6,'delete_image','Can delete image');
INSERT INTO auth_permission VALUES(8,2,'add_homepage','Can add home page');
INSERT INTO auth_permission VALUES(9,2,'change_homepage','Can change home page');
INSERT INTO auth_permission VALUES(10,2,'delete_homepage','Can delete home page');
INSERT INTO auth_permission VALUES(11,2,'view_homepage','Can view home page');
INSERT INTO auth_permission VALUES(12,7,'add_formsubmission','Can add form submission');
INSERT INTO auth_permission VALUES(13,7,'change_formsubmission','Can change form submission');
INSERT INTO auth_permission VALUES(14,7,'delete_formsubmission','Can delete form submission');
INSERT INTO auth_permission VALUES(15,7,'view_formsubmission','Can view form submission');
INSERT INTO auth_permission VALUES(16,8,'add_redirect','Can add redirect');
INSERT INTO auth_permission VALUES(17,8,'change_redirect','Can change redirect');
INSERT INTO auth_permission VALUES(18,8,'delete_redirect','Can delete redirect');
INSERT INTO auth_permission VALUES(19,8,'view_redirect','Can view redirect');
INSERT INTO auth_permission VALUES(20,9,'add_embed','Can add embed');
INSERT INTO auth_permission VALUES(21,9,'change_embed','Can change embed');
INSERT INTO auth_permission VALUES(22,9,'delete_embed','Can delete embed');
INSERT INTO auth_permission VALUES(23,9,'view_embed','Can view embed');
INSERT INTO auth_permission VALUES(24,10,'add_userprofile','Can add user profile');
INSERT INTO auth_permission VALUES(25,10,'change_userprofile','Can change user profile');
INSERT INTO auth_permission VALUES(26,10,'delete_userprofile','Can delete user profile');
INSERT INTO auth_permission VALUES(27,10,'view_userprofile','Can view user profile');
INSERT INTO auth_permission VALUES(28,5,'view_document','Can view document');
INSERT INTO auth_permission VALUES(29,6,'view_image','Can view image');
INSERT INTO auth_permission VALUES(30,11,'add_rendition','Can add rendition');
INSERT INTO auth_permission VALUES(31,11,'change_rendition','Can change rendition');
INSERT INTO auth_permission VALUES(32,11,'delete_rendition','Can delete rendition');
INSERT INTO auth_permission VALUES(33,11,'view_rendition','Can view rendition');
INSERT INTO auth_permission VALUES(34,12,'add_uploadedimage','Can add uploaded image');
INSERT INTO auth_permission VALUES(35,12,'change_uploadedimage','Can change uploaded image');
INSERT INTO auth_permission VALUES(36,12,'delete_uploadedimage','Can delete uploaded image');
INSERT INTO auth_permission VALUES(37,12,'view_uploadedimage','Can view uploaded image');
INSERT INTO auth_permission VALUES(38,13,'add_query','Can add query');
INSERT INTO auth_permission VALUES(39,13,'change_query','Can change query');
INSERT INTO auth_permission VALUES(40,13,'delete_query','Can delete query');
INSERT INTO auth_permission VALUES(41,13,'view_query','Can view query');
INSERT INTO auth_permission VALUES(42,14,'add_querydailyhits','Can add Query Daily Hits');
INSERT INTO auth_permission VALUES(43,14,'change_querydailyhits','Can change Query Daily Hits');
INSERT INTO auth_permission VALUES(44,14,'delete_querydailyhits','Can delete Query Daily Hits');
INSERT INTO auth_permission VALUES(45,14,'view_querydailyhits','Can view Query Daily Hits');
INSERT INTO auth_permission VALUES(46,1,'add_page','Can add page');
INSERT INTO auth_permission VALUES(47,1,'change_page','Can change page');
INSERT INTO auth_permission VALUES(48,1,'delete_page','Can delete page');
INSERT INTO auth_permission VALUES(49,1,'view_page','Can view page');
INSERT INTO auth_permission VALUES(50,15,'add_grouppagepermission','Can add group page permission');
INSERT INTO auth_permission VALUES(51,15,'change_grouppagepermission','Can change group page permission');
INSERT INTO auth_permission VALUES(52,15,'delete_grouppagepermission','Can delete group page permission');
INSERT INTO auth_permission VALUES(53,15,'view_grouppagepermission','Can view group page permission');
INSERT INTO auth_permission VALUES(54,16,'add_pagerevision','Can add page revision');
INSERT INTO auth_permission VALUES(55,16,'change_pagerevision','Can change page revision');
INSERT INTO auth_permission VALUES(56,16,'delete_pagerevision','Can delete page revision');
INSERT INTO auth_permission VALUES(57,16,'view_pagerevision','Can view page revision');
INSERT INTO auth_permission VALUES(58,17,'add_pageviewrestriction','Can add page view restriction');
INSERT INTO auth_permission VALUES(59,17,'change_pageviewrestriction','Can change page view restriction');
INSERT INTO auth_permission VALUES(60,17,'delete_pageviewrestriction','Can delete page view restriction');
INSERT INTO auth_permission VALUES(61,17,'view_pageviewrestriction','Can view page view restriction');
INSERT INTO auth_permission VALUES(62,18,'add_site','Can add site');
INSERT INTO auth_permission VALUES(63,18,'change_site','Can change site');
INSERT INTO auth_permission VALUES(64,18,'delete_site','Can delete site');
INSERT INTO auth_permission VALUES(65,18,'view_site','Can view site');
INSERT INTO auth_permission VALUES(66,19,'add_collection','Can add collection');
INSERT INTO auth_permission VALUES(67,19,'change_collection','Can change collection');
INSERT INTO auth_permission VALUES(68,19,'delete_collection','Can delete collection');
INSERT INTO auth_permission VALUES(69,19,'view_collection','Can view collection');
INSERT INTO auth_permission VALUES(70,20,'add_groupcollectionpermission','Can add group collection permission');
INSERT INTO auth_permission VALUES(71,20,'change_groupcollectionpermission','Can change group collection permission');
INSERT INTO auth_permission VALUES(72,20,'delete_groupcollectionpermission','Can delete group collection permission');
INSERT INTO auth_permission VALUES(73,20,'view_groupcollectionpermission','Can view group collection permission');
INSERT INTO auth_permission VALUES(74,21,'add_collectionviewrestriction','Can add collection view restriction');
INSERT INTO auth_permission VALUES(75,21,'change_collectionviewrestriction','Can change collection view restriction');
INSERT INTO auth_permission VALUES(76,21,'delete_collectionviewrestriction','Can delete collection view restriction');
INSERT INTO auth_permission VALUES(77,21,'view_collectionviewrestriction','Can view collection view restriction');
INSERT INTO auth_permission VALUES(78,22,'add_task','Can add task');
INSERT INTO auth_permission VALUES(79,22,'change_task','Can change task');
INSERT INTO auth_permission VALUES(80,22,'delete_task','Can delete task');
INSERT INTO auth_permission VALUES(81,22,'view_task','Can view task');
INSERT INTO auth_permission VALUES(82,23,'add_taskstate','Can add Task state');
INSERT INTO auth_permission VALUES(83,23,'change_taskstate','Can change Task state');
INSERT INTO auth_permission VALUES(84,23,'delete_taskstate','Can delete Task state');
INSERT INTO auth_permission VALUES(85,23,'view_taskstate','Can view Task state');
INSERT INTO auth_permission VALUES(86,24,'add_workflow','Can add workflow');
INSERT INTO auth_permission VALUES(87,24,'change_workflow','Can change workflow');
INSERT INTO auth_permission VALUES(88,24,'delete_workflow','Can delete workflow');
INSERT INTO auth_permission VALUES(89,24,'view_workflow','Can view workflow');
INSERT INTO auth_permission VALUES(90,4,'add_groupapprovaltask','Can add Group approval task');
INSERT INTO auth_permission VALUES(91,4,'change_groupapprovaltask','Can change Group approval task');
INSERT INTO auth_permission VALUES(92,4,'delete_groupapprovaltask','Can delete Group approval task');
INSERT INTO auth_permission VALUES(93,4,'view_groupapprovaltask','Can view Group approval task');
INSERT INTO auth_permission VALUES(94,25,'add_workflowstate','Can add Workflow state');
INSERT INTO auth_permission VALUES(95,25,'change_workflowstate','Can change Workflow state');
INSERT INTO auth_permission VALUES(96,25,'delete_workflowstate','Can delete Workflow state');
INSERT INTO auth_permission VALUES(97,25,'view_workflowstate','Can view Workflow state');
INSERT INTO auth_permission VALUES(98,26,'add_workflowpage','Can add workflow page');
INSERT INTO auth_permission VALUES(99,26,'change_workflowpage','Can change workflow page');
INSERT INTO auth_permission VALUES(100,26,'delete_workflowpage','Can delete workflow page');
INSERT INTO auth_permission VALUES(101,26,'view_workflowpage','Can view workflow page');
INSERT INTO auth_permission VALUES(102,27,'add_workflowtask','Can add workflow task order');
INSERT INTO auth_permission VALUES(103,27,'change_workflowtask','Can change workflow task order');
INSERT INTO auth_permission VALUES(104,27,'delete_workflowtask','Can delete workflow task order');
INSERT INTO auth_permission VALUES(105,27,'view_workflowtask','Can view workflow task order');
INSERT INTO auth_permission VALUES(106,28,'add_pagelogentry','Can add page log entry');
INSERT INTO auth_permission VALUES(107,28,'change_pagelogentry','Can change page log entry');
INSERT INTO auth_permission VALUES(108,28,'delete_pagelogentry','Can delete page log entry');
INSERT INTO auth_permission VALUES(109,28,'view_pagelogentry','Can view page log entry');
INSERT INTO auth_permission VALUES(110,29,'add_tag','Can add tag');
INSERT INTO auth_permission VALUES(111,29,'change_tag','Can change tag');
INSERT INTO auth_permission VALUES(112,29,'delete_tag','Can delete tag');
INSERT INTO auth_permission VALUES(113,29,'view_tag','Can view tag');
INSERT INTO auth_permission VALUES(114,30,'add_taggeditem','Can add tagged item');
INSERT INTO auth_permission VALUES(115,30,'change_taggeditem','Can change tagged item');
INSERT INTO auth_permission VALUES(116,30,'delete_taggeditem','Can delete tagged item');
INSERT INTO auth_permission VALUES(117,30,'view_taggeditem','Can view tagged item');
INSERT INTO auth_permission VALUES(118,31,'add_logentry','Can add log entry');
INSERT INTO auth_permission VALUES(119,31,'change_logentry','Can change log entry');
INSERT INTO auth_permission VALUES(120,31,'delete_logentry','Can delete log entry');
INSERT INTO auth_permission VALUES(121,31,'view_logentry','Can view log entry');
INSERT INTO auth_permission VALUES(122,32,'add_permission','Can add permission');
INSERT INTO auth_permission VALUES(123,32,'change_permission','Can change permission');
INSERT INTO auth_permission VALUES(124,32,'delete_permission','Can delete permission');
INSERT INTO auth_permission VALUES(125,32,'view_permission','Can view permission');
INSERT INTO auth_permission VALUES(126,33,'add_group','Can add group');
INSERT INTO auth_permission VALUES(127,33,'change_group','Can change group');
INSERT INTO auth_permission VALUES(128,33,'delete_group','Can delete group');
INSERT INTO auth_permission VALUES(129,33,'view_group','Can view group');
INSERT INTO auth_permission VALUES(130,34,'add_user','Can add user');
INSERT INTO auth_permission VALUES(131,34,'change_user','Can change user');
INSERT INTO auth_permission VALUES(132,34,'delete_user','Can delete user');
INSERT INTO auth_permission VALUES(133,34,'view_user','Can view user');
INSERT INTO auth_permission VALUES(134,35,'add_contenttype','Can add content type');
INSERT INTO auth_permission VALUES(135,35,'change_contenttype','Can change content type');
INSERT INTO auth_permission VALUES(136,35,'delete_contenttype','Can delete content type');
INSERT INTO auth_permission VALUES(137,35,'view_contenttype','Can view content type');
INSERT INTO auth_permission VALUES(138,36,'add_session','Can add session');
INSERT INTO auth_permission VALUES(139,36,'change_session','Can change session');
INSERT INTO auth_permission VALUES(140,36,'delete_session','Can delete session');
INSERT INTO auth_permission VALUES(141,36,'view_session','Can view session');
INSERT INTO auth_permission VALUES(142,37,'add_category','Can add category');
INSERT INTO auth_permission VALUES(143,37,'change_category','Can change category');
INSERT INTO auth_permission VALUES(144,37,'delete_category','Can delete category');
INSERT INTO auth_permission VALUES(145,37,'view_category','Can view category');
INSERT INTO auth_permission VALUES(146,38,'add_profile','Can add profile');
INSERT INTO auth_permission VALUES(147,38,'change_profile','Can change profile');
INSERT INTO auth_permission VALUES(148,38,'delete_profile','Can delete profile');
INSERT INTO auth_permission VALUES(149,38,'view_profile','Can view profile');
INSERT INTO auth_permission VALUES(150,39,'add_item','Can add item');
INSERT INTO auth_permission VALUES(151,39,'change_item','Can change item');
INSERT INTO auth_permission VALUES(152,39,'delete_item','Can delete item');
INSERT INTO auth_permission VALUES(153,39,'view_item','Can view item');
INSERT INTO auth_permission VALUES(154,40,'add_district','Can add district');
INSERT INTO auth_permission VALUES(155,40,'change_district','Can change district');
INSERT INTO auth_permission VALUES(156,40,'delete_district','Can delete district');
INSERT INTO auth_permission VALUES(157,40,'view_district','Can view district');
INSERT INTO auth_permission VALUES(158,41,'add_iteminfo','Can add item info');
INSERT INTO auth_permission VALUES(159,41,'change_iteminfo','Can change item info');
INSERT INTO auth_permission VALUES(160,41,'delete_iteminfo','Can delete item info');
INSERT INTO auth_permission VALUES(161,41,'view_iteminfo','Can view item info');
INSERT INTO auth_permission VALUES(162,42,'add_request','Can add request');
INSERT INTO auth_permission VALUES(163,42,'change_request','Can change request');
INSERT INTO auth_permission VALUES(164,42,'delete_request','Can delete request');
INSERT INTO auth_permission VALUES(165,42,'view_request','Can view request');
INSERT INTO auth_permission VALUES(166,43,'add_transaction','Can add transaction');
INSERT INTO auth_permission VALUES(167,43,'change_transaction','Can change transaction');
INSERT INTO auth_permission VALUES(168,43,'delete_transaction','Can delete transaction');
INSERT INTO auth_permission VALUES(169,43,'view_transaction','Can view transaction');
INSERT INTO auth_permission VALUES(170,44,'add_supplier','Can add supplier');
INSERT INTO auth_permission VALUES(171,44,'change_supplier','Can change supplier');
INSERT INTO auth_permission VALUES(172,44,'delete_supplier','Can delete supplier');
INSERT INTO auth_permission VALUES(173,44,'view_supplier','Can view supplier');
INSERT INTO auth_permission VALUES(174,45,'add_order','Can add order');
INSERT INTO auth_permission VALUES(175,45,'change_order','Can change order');
INSERT INTO auth_permission VALUES(176,45,'delete_order','Can delete order');
INSERT INTO auth_permission VALUES(177,45,'view_order','Can view order');
INSERT INTO auth_permission VALUES(178,46,'add_reallocation','Can add reallocation');
INSERT INTO auth_permission VALUES(179,46,'change_reallocation','Can change reallocation');
INSERT INTO auth_permission VALUES(180,46,'delete_reallocation','Can delete reallocation');
INSERT INTO auth_permission VALUES(181,46,'view_reallocation','Can view reallocation');
INSERT INTO auth_permission VALUES(182,47,'add_manufacturer','Can add manufacturer');
INSERT INTO auth_permission VALUES(183,47,'change_manufacturer','Can change manufacturer');
INSERT INTO auth_permission VALUES(184,47,'delete_manufacturer','Can delete manufacturer');
INSERT INTO auth_permission VALUES(185,47,'view_manufacturer','Can view manufacturer');
CREATE TABLE IF NOT EXISTS "auth_user" ("id" integer NOT NULL PRIMARY KEY AUTOINCREMENT, "password" varchar(128) NOT NULL, "last_login" datetime NULL, "is_superuser" bool NOT NULL, "username" varchar(150) NOT NULL UNIQUE, "first_name" varchar(30) NOT NULL, "email" varchar(254) NOT NULL, "is_staff" bool NOT NULL, "is_active" bool NOT NULL, "date_joined" datetime NOT NULL, "last_name" varchar(150) NOT NULL);
INSERT INTO auth_user VALUES(1,'pbkdf2_sha256$180000$zg6wNvT0piwv$nYYwnOSadeNJltXF4aoy4Fcq1U7+RxssgZBjWTWEFT0=','2020-12-05 08:49:12.797799',1,'admin','','admin@admin.com',1,1,'2020-11-29 13:34:07.656030','');
INSERT INTO auth_user VALUES(2,'pbkdf2_sha256$180000$sMYU4aUUHtWS$2cn1fS4DnYL2tVdjkMOOlK4GPLkA8/Rc77xnggH2iL4=','2020-12-05 08:49:02.823739',0,'CHAMPHAIA','','',0,1,'2020-11-29 13:38:16.957427','');
INSERT INTO auth_user VALUES(3,'pbkdf2_sha256$180000$xDyUPF7InUOW$ugaQkVL4AUG4M0ws51qpe/k2fhzPnhrfztIKHR/z/fs=','2020-12-04 12:04:38.107436',0,'MAMITA','','',0,1,'2020-11-29 13:39:21.493900','');
INSERT INTO auth_user VALUES(4,'pbkdf2_sha256$180000$NVWR6YAKP2Vn$Y/Ud7skIIDCw5ywfupuDMDmLjglijIMfoIfNLWzK/O8=',NULL,0,'KOLASIBA','','',0,1,'2020-12-04 20:59:18.576406','');
INSERT INTO auth_user VALUES(5,'pbkdf2_sha256$180000$tN9yBjMDRlZt$oOyh+WJfa/jVRA3+ciLxnQf9taMW0a9QHa2zoU8f8wI=',NULL,0,'SERCHHIPA','','',0,1,'2020-12-04 21:00:24.456497','');
INSERT INTO auth_user VALUES(6,'pbkdf2_sha256$180000$34ZLVWMFoTBW$w65ycPQk0+LrE0E/l0nwN0Dd9UKZi/3j+prsx49ZLjo=','2020-12-05 09:24:28.658308',0,'LUNGLEIA','','',0,1,'2020-12-04 21:00:54.390813','');
INSERT INTO auth_user VALUES(7,'pbkdf2_sha256$180000$ERNpDPKwF7bU$ahEFS0jCyHysb+6uaL8UUZ7icH89jVcoydHuALF4o6Y=',NULL,0,'LAWNGTLAIA','','',0,1,'2020-12-04 21:01:20.370343','');
INSERT INTO auth_user VALUES(8,'pbkdf2_sha256$180000$fX115GX5bDtt$vHEzhJ7YUGWhfGNcQF24Ix4L5A5EtJtiGZRg/UFSCC0=',NULL,0,'SAIHAA','','',0,1,'2020-12-04 21:01:44.257728','');
INSERT INTO auth_user VALUES(9,'pbkdf2_sha256$180000$XDXxnZL4r47Z$tO231hCNMBSALKYMi/oVwLWujTg+jC2GfL3eGmDK+9k=',NULL,0,'SUNFLOWER','','',0,1,'2020-12-05 08:59:03.715614','');
INSERT INTO auth_user VALUES(10,'pbkdf2_sha256$180000$M9sBVxY3G4IQ$04C1QfZuW0XyhduSADHMhompAoCxq8rye9Zbc0NeyiY=',NULL,0,'COMPUTERHOUSEA','','',0,1,'2020-12-05 09:00:35.465571','');
CREATE TABLE IF NOT EXISTS "auth_group" ("id" integer NOT NULL PRIMARY KEY AUTOINCREMENT, "name" varchar(150) NOT NULL UNIQUE);
INSERT INTO auth_group VALUES(1,'Moderators');
INSERT INTO auth_group VALUES(2,'Editors');
CREATE TABLE IF NOT EXISTS "allocation_district" ("id" integer NOT NULL PRIMARY KEY AUTOINCREMENT, "district" varchar(255) NULL, "manager_id" integer NULL REFERENCES "allocation_profile" ("user_id") DEFERRABLE INITIALLY DEFERRED);
INSERT INTO allocation_district VALUES(1,'CHAMPHAI',2);
INSERT INTO allocation_district VALUES(2,'MAMIT',3);
INSERT INTO allocation_district VALUES(3,'AIZAWL',1);
INSERT INTO allocation_district VALUES(4,'KOLASIB',4);
INSERT INTO allocation_district VALUES(5,'SERCHHIP',5);
INSERT INTO allocation_district VALUES(6,'LUNGLEI',6);
INSERT INTO allocation_district VALUES(7,'LAWNGTLAI',7);
INSERT INTO allocation_district VALUES(8,'SAIHA',8);
CREATE TABLE IF NOT EXISTS "allocation_transaction_items" ("id" integer NOT NULL PRIMARY KEY AUTOINCREMENT, "transaction_id" integer NOT NULL REFERENCES "allocation_transaction" ("id") DEFERRABLE INITIALLY DEFERRED, "request_id" integer NOT NULL REFERENCES "allocation_request" ("id") DEFERRABLE INITIALLY DEFERRED);
CREATE TABLE IF NOT EXISTS "allocation_transaction" ("id" integer NOT NULL PRIMARY KEY AUTOINCREMENT, "approved" bool NOT NULL, "accepted" bool NOT NULL, "completed" bool NOT NULL, "initiator_id" integer NOT NULL REFERENCES "allocation_district" ("id") DEFERRABLE INITIALLY DEFERRED);
CREATE TABLE IF NOT EXISTS "allocation_order" ("id" integer NOT NULL PRIMARY KEY AUTOINCREMENT, "items" text NOT NULL, "accepted_status" bool NOT NULL, "completed" bool NOT NULL);
CREATE TABLE IF NOT EXISTS "wagtailcore_collection" ("id" integer NOT NULL PRIMARY KEY AUTOINCREMENT, "path" varchar(255) NOT NULL UNIQUE, "depth" integer unsigned NOT NULL CHECK ("depth" >= 0), "numchild" integer unsigned NOT NULL CHECK ("numchild" >= 0), "name" varchar(255) NOT NULL);
INSERT INTO wagtailcore_collection VALUES(1,'0001',1,0,'Root');
CREATE TABLE IF NOT EXISTS "wagtailcore_groupcollectionpermission" ("id" integer NOT NULL PRIMARY KEY AUTOINCREMENT, "collection_id" integer NOT NULL REFERENCES "wagtailcore_collection" ("id") DEFERRABLE INITIALLY DEFERRED, "group_id" integer NOT NULL REFERENCES "auth_group" ("id") DEFERRABLE INITIALLY DEFERRED, "permission_id" integer NOT NULL REFERENCES "auth_permission" ("id") DEFERRABLE INITIALLY DEFERRED);
INSERT INTO wagtailcore_groupcollectionpermission VALUES(1,1,2,2);
INSERT INTO wagtailcore_groupcollectionpermission VALUES(2,1,1,2);
INSERT INTO wagtailcore_groupcollectionpermission VALUES(3,1,2,3);
INSERT INTO wagtailcore_groupcollectionpermission VALUES(4,1,1,3);
INSERT INTO wagtailcore_groupcollectionpermission VALUES(5,1,2,5);
INSERT INTO wagtailcore_groupcollectionpermission VALUES(6,1,1,5);
INSERT INTO wagtailcore_groupcollectionpermission VALUES(7,1,2,6);
INSERT INTO wagtailcore_groupcollectionpermission VALUES(8,1,1,6);
CREATE TABLE IF NOT EXISTS "wagtailcore_pageviewrestriction" ("id" integer NOT NULL PRIMARY KEY AUTOINCREMENT, "page_id" integer NOT NULL REFERENCES "wagtailcore_page" ("id") DEFERRABLE INITIALLY DEFERRED, "restriction_type" varchar(20) NOT NULL, "password" varchar(255) NOT NULL);
CREATE TABLE IF NOT EXISTS "wagtailcore_collectionviewrestriction" ("id" integer NOT NULL PRIMARY KEY AUTOINCREMENT, "restriction_type" varchar(20) NOT NULL, "password" varchar(255) NOT NULL, "collection_id" integer NOT NULL REFERENCES "wagtailcore_collection" ("id") DEFERRABLE INITIALLY DEFERRED);
CREATE TABLE IF NOT EXISTS "wagtailcore_collectionviewrestriction_groups" ("id" integer NOT NULL PRIMARY KEY AUTOINCREMENT, "collectionviewrestriction_id" integer NOT NULL REFERENCES "wagtailcore_collectionviewrestriction" ("id") DEFERRABLE INITIALLY DEFERRED, "group_id" integer NOT NULL REFERENCES "auth_group" ("id") DEFERRABLE INITIALLY DEFERRED);
CREATE TABLE IF NOT EXISTS "wagtailcore_pageviewrestriction_groups" ("id" integer NOT NULL PRIMARY KEY AUTOINCREMENT, "pageviewrestriction_id" integer NOT NULL REFERENCES "wagtailcore_pageviewrestriction" ("id") DEFERRABLE INITIALLY DEFERRED, "group_id" integer NOT NULL REFERENCES "auth_group" ("id") DEFERRABLE INITIALLY DEFERRED);
CREATE TABLE IF NOT EXISTS "home_homepage" ("page_ptr_id" integer NOT NULL PRIMARY KEY REFERENCES "wagtailcore_page" ("id") DEFERRABLE INITIALLY DEFERRED);
INSERT INTO home_homepage VALUES(3);
CREATE TABLE IF NOT EXISTS "django_session" ("session_key" varchar(40) NOT NULL PRIMARY KEY, "session_data" text NOT NULL, "expire_date" datetime NOT NULL);
INSERT INTO django_session VALUES('sv1jbt3jia9i87gqreyp1au501jnwrnt','YzUxN2M3MjE3Y2ZjN2JjMjc5M2MzZWNkOWE0NWVjYmYzYmVhOTM3ZTp7Il9hdXRoX3VzZXJfaWQiOiIyIiwiX2F1dGhfdXNlcl9iYWNrZW5kIjoiZGphbmdvLmNvbnRyaWIuYXV0aC5iYWNrZW5kcy5Nb2RlbEJhY2tlbmQiLCJfYXV0aF91c2VyX2hhc2giOiI1MjU1YjNmMWEwYWYxOGE3NzBjODlhYjYwMjA2ZDZjOTIwNWRkNmFkIn0=','2020-12-13 17:31:22.538740');
INSERT INTO django_session VALUES('x64vt0vjj4rmtteu841hta3s1feni0qo','ZjZiZmRhMmVjOGEzMjBhNjRmNmViYWNhN2EyOGYxNzViODg1ZTFhYzp7Il9hdXRoX3VzZXJfaWQiOiIzIiwiX2F1dGhfdXNlcl9iYWNrZW5kIjoiZGphbmdvLmNvbnRyaWIuYXV0aC5iYWNrZW5kcy5Nb2RlbEJhY2tlbmQiLCJfYXV0aF91c2VyX2hhc2giOiJjZTFiYThmOTBjM2I3OThkZDk2MTU0OGIyMWY3NmI1ZjU4ZTJhMGU5In0=','2020-12-15 14:51:22.296016');
INSERT INTO django_session VALUES('zi7vstnzk9ki4c0jue5vzh6isapo15v8','ZjZiZmRhMmVjOGEzMjBhNjRmNmViYWNhN2EyOGYxNzViODg1ZTFhYzp7Il9hdXRoX3VzZXJfaWQiOiIzIiwiX2F1dGhfdXNlcl9iYWNrZW5kIjoiZGphbmdvLmNvbnRyaWIuYXV0aC5iYWNrZW5kcy5Nb2RlbEJhY2tlbmQiLCJfYXV0aF91c2VyX2hhc2giOiJjZTFiYThmOTBjM2I3OThkZDk2MTU0OGIyMWY3NmI1ZjU4ZTJhMGU5In0=','2020-12-15 15:04:44.704585');
INSERT INTO django_session VALUES('fwcvskpucp8zftshdby59sfcq7rpoagd','ZjZiZmRhMmVjOGEzMjBhNjRmNmViYWNhN2EyOGYxNzViODg1ZTFhYzp7Il9hdXRoX3VzZXJfaWQiOiIzIiwiX2F1dGhfdXNlcl9iYWNrZW5kIjoiZGphbmdvLmNvbnRyaWIuYXV0aC5iYWNrZW5kcy5Nb2RlbEJhY2tlbmQiLCJfYXV0aF91c2VyX2hhc2giOiJjZTFiYThmOTBjM2I3OThkZDk2MTU0OGIyMWY3NmI1ZjU4ZTJhMGU5In0=','2020-12-15 19:27:02.756842');
INSERT INTO django_session VALUES('7apmyx07qogxrhbybnlkuhgf7flq4hy1','ZjZiZmRhMmVjOGEzMjBhNjRmNmViYWNhN2EyOGYxNzViODg1ZTFhYzp7Il9hdXRoX3VzZXJfaWQiOiIzIiwiX2F1dGhfdXNlcl9iYWNrZW5kIjoiZGphbmdvLmNvbnRyaWIuYXV0aC5iYWNrZW5kcy5Nb2RlbEJhY2tlbmQiLCJfYXV0aF91c2VyX2hhc2giOiJjZTFiYThmOTBjM2I3OThkZDk2MTU0OGIyMWY3NmI1ZjU4ZTJhMGU5In0=','2020-12-16 03:52:54.464520');
INSERT INTO django_session VALUES('xont15yava2dit2x5wpi1ea041kqbacr','ZjZiZmRhMmVjOGEzMjBhNjRmNmViYWNhN2EyOGYxNzViODg1ZTFhYzp7Il9hdXRoX3VzZXJfaWQiOiIzIiwiX2F1dGhfdXNlcl9iYWNrZW5kIjoiZGphbmdvLmNvbnRyaWIuYXV0aC5iYWNrZW5kcy5Nb2RlbEJhY2tlbmQiLCJfYXV0aF91c2VyX2hhc2giOiJjZTFiYThmOTBjM2I3OThkZDk2MTU0OGIyMWY3NmI1ZjU4ZTJhMGU5In0=','2020-12-18 06:09:58.421303');
INSERT INTO django_session VALUES('hh7vquzn5bg2h8gdrvcqxmnhectf6qej','ZjZiZmRhMmVjOGEzMjBhNjRmNmViYWNhN2EyOGYxNzViODg1ZTFhYzp7Il9hdXRoX3VzZXJfaWQiOiIzIiwiX2F1dGhfdXNlcl9iYWNrZW5kIjoiZGphbmdvLmNvbnRyaWIuYXV0aC5iYWNrZW5kcy5Nb2RlbEJhY2tlbmQiLCJfYXV0aF91c2VyX2hhc2giOiJjZTFiYThmOTBjM2I3OThkZDk2MTU0OGIyMWY3NmI1ZjU4ZTJhMGU5In0=','2020-12-18 06:13:34.322353');
INSERT INTO django_session VALUES('qcs4rtwuvonkqnwl3xjf47r7icqwej4a','YzUxN2M3MjE3Y2ZjN2JjMjc5M2MzZWNkOWE0NWVjYmYzYmVhOTM3ZTp7Il9hdXRoX3VzZXJfaWQiOiIyIiwiX2F1dGhfdXNlcl9iYWNrZW5kIjoiZGphbmdvLmNvbnRyaWIuYXV0aC5iYWNrZW5kcy5Nb2RlbEJhY2tlbmQiLCJfYXV0aF91c2VyX2hhc2giOiI1MjU1YjNmMWEwYWYxOGE3NzBjODlhYjYwMjA2ZDZjOTIwNWRkNmFkIn0=','2020-12-18 12:15:12.013466');
INSERT INTO django_session VALUES('0sga59eku3ufbrtulae0c04g8cfcdpql','YzUxN2M3MjE3Y2ZjN2JjMjc5M2MzZWNkOWE0NWVjYmYzYmVhOTM3ZTp7Il9hdXRoX3VzZXJfaWQiOiIyIiwiX2F1dGhfdXNlcl9iYWNrZW5kIjoiZGphbmdvLmNvbnRyaWIuYXV0aC5iYWNrZW5kcy5Nb2RlbEJhY2tlbmQiLCJfYXV0aF91c2VyX2hhc2giOiI1MjU1YjNmMWEwYWYxOGE3NzBjODlhYjYwMjA2ZDZjOTIwNWRkNmFkIn0=','2020-12-18 19:36:26.744128');
INSERT INTO django_session VALUES('almqqgpzj653n14te2gocvixhk7btz1u','YzUxN2M3MjE3Y2ZjN2JjMjc5M2MzZWNkOWE0NWVjYmYzYmVhOTM3ZTp7Il9hdXRoX3VzZXJfaWQiOiIyIiwiX2F1dGhfdXNlcl9iYWNrZW5kIjoiZGphbmdvLmNvbnRyaWIuYXV0aC5iYWNrZW5kcy5Nb2RlbEJhY2tlbmQiLCJfYXV0aF91c2VyX2hhc2giOiI1MjU1YjNmMWEwYWYxOGE3NzBjODlhYjYwMjA2ZDZjOTIwNWRkNmFkIn0=','2020-12-18 19:54:52.921231');
INSERT INTO django_session VALUES('j2q0f98j7jbxq1xrpyk3qhdque2nohwz','NzFmMDhlMWE0NzAyNWQwMGRlYTRmYmVjMTk4ZTJhMGE5YWMwNWZiNDp7Il9hdXRoX3VzZXJfaWQiOiI2IiwiX2F1dGhfdXNlcl9iYWNrZW5kIjoiZGphbmdvLmNvbnRyaWIuYXV0aC5iYWNrZW5kcy5Nb2RlbEJhY2tlbmQiLCJfYXV0aF91c2VyX2hhc2giOiJkNDczOWU2YjQ5MGMzY2IwZTBkNDY5YzU3ZmZlNTZiYjUxZjg1Y2IyIn0=','2020-12-19 08:32:07.241656');
CREATE TABLE IF NOT EXISTS "taggit_tag" ("id" integer NOT NULL PRIMARY KEY AUTOINCREMENT, "name" varchar(100) NOT NULL UNIQUE, "slug" varchar(100) NOT NULL UNIQUE);
CREATE TABLE IF NOT EXISTS "taggit_taggeditem" ("id" integer NOT NULL PRIMARY KEY AUTOINCREMENT, "object_id" integer NOT NULL, "content_type_id" integer NOT NULL REFERENCES "django_content_type" ("id") DEFERRABLE INITIALLY DEFERRED, "tag_id" integer NOT NULL REFERENCES "taggit_tag" ("id") DEFERRABLE INITIALLY DEFERRED);
CREATE TABLE IF NOT EXISTS "wagtailcore_pagerevision" ("id" integer NOT NULL PRIMARY KEY AUTOINCREMENT, "submitted_for_moderation" bool NOT NULL, "created_at" datetime NOT NULL, "content_json" text NOT NULL, "page_id" integer NOT NULL REFERENCES "wagtailcore_page" ("id") DEFERRABLE INITIALLY DEFERRED, "user_id" integer NULL REFERENCES "auth_user" ("id") DEFERRABLE INITIALLY DEFERRED, "approved_go_live_at" datetime NULL);
CREATE TABLE IF NOT EXISTS "wagtailcore_page" ("id" integer NOT NULL PRIMARY KEY AUTOINCREMENT, "path" varchar(255) NOT NULL UNIQUE, "depth" integer unsigned NOT NULL CHECK ("depth" >= 0), "numchild" integer unsigned NOT NULL CHECK ("numchild" >= 0), "title" varchar(255) NOT NULL, "slug" varchar(255) NOT NULL, "live" bool NOT NULL, "has_unpublished_changes" bool NOT NULL, "url_path" text NOT NULL, "seo_title" varchar(255) NOT NULL, "show_in_menus" bool NOT NULL, "search_description" text NOT NULL, "go_live_at" datetime NULL, "expire_at" datetime NULL, "expired" bool NOT NULL, "content_type_id" integer NOT NULL REFERENCES "django_content_type" ("id") DEFERRABLE INITIALLY DEFERRED, "owner_id" integer NULL REFERENCES "auth_user" ("id") DEFERRABLE INITIALLY DEFERRED, "locked" bool NOT NULL, "latest_revision_created_at" datetime NULL, "first_published_at" datetime NULL, "live_revision_id" integer NULL REFERENCES "wagtailcore_pagerevision" ("id") DEFERRABLE INITIALLY DEFERRED, "last_published_at" datetime NULL, "draft_title" varchar(255) NOT NULL, "locked_at" datetime NULL, "locked_by_id" integer NULL REFERENCES "auth_user" ("id") DEFERRABLE INITIALLY DEFERRED);
INSERT INTO wagtailcore_page VALUES(1,'0001',1,1,'Root','root',1,0,'/','',0,'',NULL,NULL,0,1,NULL,0,NULL,NULL,NULL,NULL,'Root',NULL,NULL);
INSERT INTO wagtailcore_page VALUES(3,'00010001',2,0,'Home','home',1,0,'/home/','',0,'',NULL,NULL,0,2,NULL,0,NULL,NULL,NULL,NULL,'Home',NULL,NULL);
CREATE TABLE IF NOT EXISTS "wagtailcore_grouppagepermission" ("id" integer NOT NULL PRIMARY KEY AUTOINCREMENT, "group_id" integer NOT NULL REFERENCES "auth_group" ("id") DEFERRABLE INITIALLY DEFERRED, "page_id" integer NOT NULL REFERENCES "wagtailcore_page" ("id") DEFERRABLE INITIALLY DEFERRED, "permission_type" varchar(20) NOT NULL);
INSERT INTO wagtailcore_grouppagepermission VALUES(1,1,1,'add');
INSERT INTO wagtailcore_grouppagepermission VALUES(2,1,1,'edit');
INSERT INTO wagtailcore_grouppagepermission VALUES(3,1,1,'publish');
INSERT INTO wagtailcore_grouppagepermission VALUES(4,2,1,'add');
INSERT INTO wagtailcore_grouppagepermission VALUES(5,2,1,'edit');
INSERT INTO wagtailcore_grouppagepermission VALUES(6,1,1,'lock');
INSERT INTO wagtailcore_grouppagepermission VALUES(7,1,1,'unlock');
CREATE TABLE IF NOT EXISTS "wagtailcore_site" ("id" integer NOT NULL PRIMARY KEY AUTOINCREMENT, "hostname" varchar(255) NOT NULL, "port" integer NOT NULL, "is_default_site" bool NOT NULL, "root_page_id" integer NOT NULL REFERENCES "wagtailcore_page" ("id") DEFERRABLE INITIALLY DEFERRED, "site_name" varchar(255) NOT NULL);
INSERT INTO wagtailcore_site VALUES(2,'localhost',80,1,3,'');
CREATE TABLE IF NOT EXISTS "wagtailcore_task" ("id" integer NOT NULL PRIMARY KEY AUTOINCREMENT, "name" varchar(255) NOT NULL, "active" bool NOT NULL, "content_type_id" integer NOT NULL REFERENCES "django_content_type" ("id") DEFERRABLE INITIALLY DEFERRED);
INSERT INTO wagtailcore_task VALUES(1,'Moderators approval',1,4);
CREATE TABLE IF NOT EXISTS "wagtailcore_workflow" ("id" integer NOT NULL PRIMARY KEY AUTOINCREMENT, "name" varchar(255) NOT NULL, "active" bool NOT NULL);
INSERT INTO wagtailcore_workflow VALUES(1,'Moderators approval',1);
CREATE TABLE IF NOT EXISTS "wagtailcore_groupapprovaltask" ("task_ptr_id" integer NOT NULL PRIMARY KEY REFERENCES "wagtailcore_task" ("id") DEFERRABLE INITIALLY DEFERRED);
INSERT INTO wagtailcore_groupapprovaltask VALUES(1);
CREATE TABLE IF NOT EXISTS "wagtailcore_workflowpage" ("page_id" integer NOT NULL PRIMARY KEY REFERENCES "wagtailcore_page" ("id") DEFERRABLE INITIALLY DEFERRED, "workflow_id" integer NOT NULL REFERENCES "wagtailcore_workflow" ("id") DEFERRABLE INITIALLY DEFERRED);
INSERT INTO wagtailcore_workflowpage VALUES(1,1);
CREATE TABLE IF NOT EXISTS "wagtailcore_workflowtask" ("id" integer NOT NULL PRIMARY KEY AUTOINCREMENT, "sort_order" integer NULL, "task_id" integer NOT NULL REFERENCES "wagtailcore_task" ("id") DEFERRABLE INITIALLY DEFERRED, "workflow_id" integer NOT NULL REFERENCES "wagtailcore_workflow" ("id") DEFERRABLE INITIALLY DEFERRED);
INSERT INTO wagtailcore_workflowtask VALUES(1,0,1,1);
CREATE TABLE IF NOT EXISTS "wagtailcore_groupapprovaltask_groups" ("id" integer NOT NULL PRIMARY KEY AUTOINCREMENT, "groupapprovaltask_id" integer NOT NULL REFERENCES "wagtailcore_groupapprovaltask" ("task_ptr_id") DEFERRABLE INITIALLY DEFERRED, "group_id" integer NOT NULL REFERENCES "auth_group" ("id") DEFERRABLE INITIALLY DEFERRED);
INSERT INTO wagtailcore_groupapprovaltask_groups VALUES(1,1,1);
CREATE TABLE IF NOT EXISTS "wagtailcore_workflowstate" ("id" integer NOT NULL PRIMARY KEY AUTOINCREMENT, "created_at" datetime NOT NULL, "current_task_state_id" integer NULL UNIQUE REFERENCES "wagtailcore_taskstate" ("id") DEFERRABLE INITIALLY DEFERRED, "page_id" integer NOT NULL REFERENCES "wagtailcore_page" ("id") DEFERRABLE INITIALLY DEFERRED, "requested_by_id" integer NULL REFERENCES "auth_user" ("id") DEFERRABLE INITIALLY DEFERRED, "workflow_id" integer NOT NULL REFERENCES "wagtailcore_workflow" ("id") DEFERRABLE INITIALLY DEFERRED, "status" varchar(50) NOT NULL);
CREATE TABLE IF NOT EXISTS "wagtailcore_taskstate" ("id" integer NOT NULL PRIMARY KEY AUTOINCREMENT, "status" varchar(50) NOT NULL, "started_at" datetime NOT NULL, "finished_at" datetime NULL, "content_type_id" integer NOT NULL REFERENCES "django_content_type" ("id") DEFERRABLE INITIALLY DEFERRED, "page_revision_id" integer NOT NULL REFERENCES "wagtailcore_pagerevision" ("id") DEFERRABLE INITIALLY DEFERRED, "task_id" integer NOT NULL REFERENCES "wagtailcore_task" ("id") DEFERRABLE INITIALLY DEFERRED, "workflow_state_id" integer NOT NULL REFERENCES "wagtailcore_workflowstate" ("id") DEFERRABLE INITIALLY DEFERRED, "finished_by_id" integer NULL REFERENCES "auth_user" ("id") DEFERRABLE INITIALLY DEFERRED, "comment" text NOT NULL);
CREATE TABLE IF NOT EXISTS "wagtailcore_pagelogentry" ("id" integer NOT NULL PRIMARY KEY AUTOINCREMENT, "label" text NOT NULL, "action" varchar(255) NOT NULL, "data_json" text NOT NULL, "timestamp" datetime NOT NULL, "content_changed" bool NOT NULL, "deleted" bool NOT NULL, "content_type_id" integer NULL REFERENCES "django_content_type" ("id") DEFERRABLE INITIALLY DEFERRED, "page_id" integer NOT NULL, "revision_id" integer NULL, "user_id" integer NULL);
CREATE TABLE IF NOT EXISTS "wagtaildocs_document" ("id" integer NOT NULL PRIMARY KEY AUTOINCREMENT, "title" varchar(255) NOT NULL, "file" varchar(100) NOT NULL, "created_at" datetime NOT NULL, "uploaded_by_user_id" integer NULL REFERENCES "auth_user" ("id") DEFERRABLE INITIALLY DEFERRED, "collection_id" integer NOT NULL REFERENCES "wagtailcore_collection" ("id") DEFERRABLE INITIALLY DEFERRED, "file_size" integer unsigned NULL CHECK ("file_size" >= 0), "file_hash" varchar(40) NOT NULL);
CREATE TABLE IF NOT EXISTS "wagtailembeds_embed" ("id" integer NOT NULL PRIMARY KEY AUTOINCREMENT, "url" varchar(200) NOT NULL, "max_width" smallint NULL, "type" varchar(10) NOT NULL, "html" text NOT NULL, "title" text NOT NULL, "author_name" text NOT NULL, "provider_name" text NOT NULL, "width" integer NULL, "height" integer NULL, "last_updated" datetime NOT NULL, "thumbnail_url" varchar(255) NULL);
CREATE TABLE IF NOT EXISTS "wagtailforms_formsubmission" ("id" integer NOT NULL PRIMARY KEY AUTOINCREMENT, "form_data" text NOT NULL, "page_id" integer NOT NULL REFERENCES "wagtailcore_page" ("id") DEFERRABLE INITIALLY DEFERRED, "submit_time" datetime NOT NULL);
CREATE TABLE IF NOT EXISTS "wagtailimages_image" ("id" integer NOT NULL PRIMARY KEY AUTOINCREMENT, "title" varchar(255) NOT NULL, "file" varchar(100) NOT NULL, "width" integer NOT NULL, "height" integer NOT NULL, "created_at" datetime NOT NULL, "focal_point_x" integer unsigned NULL CHECK ("focal_point_x" >= 0), "focal_point_y" integer unsigned NULL CHECK ("focal_point_y" >= 0), "focal_point_width" integer unsigned NULL CHECK ("focal_point_width" >= 0), "focal_point_height" integer unsigned NULL CHECK ("focal_point_height" >= 0), "uploaded_by_user_id" integer NULL REFERENCES "auth_user" ("id") DEFERRABLE INITIALLY DEFERRED, "file_size" integer unsigned NULL CHECK ("file_size" >= 0), "collection_id" integer NOT NULL REFERENCES "wagtailcore_collection" ("id") DEFERRABLE INITIALLY DEFERRED, "file_hash" varchar(40) NOT NULL);
CREATE TABLE IF NOT EXISTS "wagtailimages_rendition" ("id" integer NOT NULL PRIMARY KEY AUTOINCREMENT, "file" varchar(100) NOT NULL, "width" integer NOT NULL, "height" integer NOT NULL, "focal_point_key" varchar(16) NOT NULL, "filter_spec" varchar(255) NOT NULL, "image_id" integer NOT NULL REFERENCES "wagtailimages_image" ("id") DEFERRABLE INITIALLY DEFERRED);
CREATE TABLE IF NOT EXISTS "wagtailimages_uploadedimage" ("id" integer NOT NULL PRIMARY KEY AUTOINCREMENT, "file" varchar(200) NOT NULL, "uploaded_by_user_id" integer NULL REFERENCES "auth_user" ("id") DEFERRABLE INITIALLY DEFERRED);
CREATE TABLE IF NOT EXISTS "wagtailredirects_redirect" ("id" integer NOT NULL PRIMARY KEY AUTOINCREMENT, "old_path" varchar(255) NOT NULL, "is_permanent" bool NOT NULL, "redirect_page_id" integer NULL REFERENCES "wagtailcore_page" ("id") DEFERRABLE INITIALLY DEFERRED, "site_id" integer NULL REFERENCES "wagtailcore_site" ("id") DEFERRABLE INITIALLY DEFERRED, "redirect_link" varchar(255) NOT NULL);
CREATE TABLE IF NOT EXISTS "wagtailsearch_query" ("id" integer NOT NULL PRIMARY KEY AUTOINCREMENT, "query_string" varchar(255) NOT NULL UNIQUE);
CREATE TABLE IF NOT EXISTS "wagtailsearch_querydailyhits" ("id" integer NOT NULL PRIMARY KEY AUTOINCREMENT, "date" date NOT NULL, "hits" integer NOT NULL, "query_id" integer NOT NULL REFERENCES "wagtailsearch_query" ("id") DEFERRABLE INITIALLY DEFERRED);
CREATE TABLE IF NOT EXISTS "wagtailsearch_editorspick" ("id" integer NOT NULL PRIMARY KEY AUTOINCREMENT, "sort_order" integer NULL, "description" text NOT NULL, "query_id" integer NOT NULL REFERENCES "wagtailsearch_query" ("id") DEFERRABLE INITIALLY DEFERRED, "page_id" integer NOT NULL REFERENCES "wagtailcore_page" ("id") DEFERRABLE INITIALLY DEFERRED);
CREATE TABLE IF NOT EXISTS "wagtailusers_userprofile" ("id" integer NOT NULL PRIMARY KEY AUTOINCREMENT, "submitted_notifications" bool NOT NULL, "approved_notifications" bool NOT NULL, "rejected_notifications" bool NOT NULL, "user_id" integer NOT NULL UNIQUE REFERENCES "auth_user" ("id") DEFERRABLE INITIALLY DEFERRED, "preferred_language" varchar(10) NOT NULL, "current_time_zone" varchar(40) NOT NULL, "avatar" varchar(100) NOT NULL);
CREATE TABLE IF NOT EXISTS "allocation_item" ("id" integer NOT NULL PRIMARY KEY AUTOINCREMENT, "name" varchar(200) NULL, "category_id" integer NULL REFERENCES "allocation_category" ("id") DEFERRABLE INITIALLY DEFERRED, "district_id" integer NULL REFERENCES "allocation_district" ("id") DEFERRABLE INITIALLY DEFERRED, "status" integer NOT NULL, "process" integer NOT NULL, "item_code" varchar(255) NULL);
INSERT INTO allocation_item VALUES(22,'HARDDRIVE 10TB',8,1,2,1,'STO 1');
INSERT INTO allocation_item VALUES(23,'Lenovo ideapad d131',10,2,2,1,NULL);
INSERT INTO allocation_item VALUES(24,'Monitor',7,4,2,1,NULL);
INSERT INTO allocation_item VALUES(25,'Keyboard',7,3,2,1,NULL);
INSERT INTO allocation_item VALUES(26,'TP-Link Archer C50 AC1200 Dual Band Wireless Cable Router',5,3,2,1,NULL);
INSERT INTO allocation_item VALUES(27,'TP-Link Archer C50 AC1200 Dual Band Wireless Cable Router',5,3,2,1,NULL);
INSERT INTO allocation_item VALUES(28,'TP-Link TL-WA855RE N300 Universal Wireless Range Extender',5,3,2,1,NULL);
INSERT INTO allocation_item VALUES(29,'Netgear N300 WN3000RP 300 Mbps Wireless Access Point',5,6,1,1,NULL);
INSERT INTO allocation_item VALUES(30,'D-Link DIR-650IN Wireless N300 Router (Black, Not a Modem)',5,3,2,1,NULL);
INSERT INTO allocation_item VALUES(31,'Mi 4C N300 Wireless 4 Antenna Smart Router',5,5,2,1,NULL);
INSERT INTO allocation_item VALUES(32,'Linksys Systems RV 110W Wireless-N VPN Firewall',5,3,2,1,NULL);
INSERT INTO allocation_item VALUES(33,'Linksys Systems RV 110W Wireless-N VPN Firewall 2',5,3,2,1,NULL);
INSERT INTO allocation_item VALUES(34,'MPC5E-40G10G',5,6,2,1,NULL);
INSERT INTO allocation_item VALUES(35,'Cisco RV042 VPN Router',5,8,2,1,NULL);
INSERT INTO allocation_item VALUES(36,'Cisco RV340 VPN Router | 4 Gigabit Ethernet (GbE) Ports | Dual WAN |',5,NULL,2,1,NULL);
INSERT INTO allocation_item VALUES(37,'TP Link TP-Link TL-SF1008D 8-Port 10/100Mbps Desktop Switch',5,3,2,1,NULL);
INSERT INTO allocation_item VALUES(38,'Dlink 24-Port Unmanaged Gigabit Switch',5,3,2,1,NULL);
INSERT INTO allocation_item VALUES(39,'D-Link Cat6 UTP 24 Port Loaded Patch Panel/ Cat6 24 Port Panel',5,7,2,1,NULL);
INSERT INTO allocation_item VALUES(40,'12 Port Cat6 Cat5 RJ45 Patch Panel Ethernet Network Rack Wall Mounted Bracket',5,1,2,1,NULL);
INSERT INTO allocation_item VALUES(41,'D-Link Cat6 UTP 24 Port Loaded Patch Panel/ Cat6 24 Port Pane',5,3,2,1,NULL);
INSERT INTO allocation_item VALUES(42,'MacBook Air MDQ32HN/A 33.78 cm',6,3,2,1,NULL);
INSERT INTO allocation_item VALUES(43,'Apple MacBook Air',6,3,2,1,NULL);
CREATE TABLE IF NOT EXISTS "allocation_request" ("id" integer NOT NULL PRIMARY KEY AUTOINCREMENT, "created" datetime NOT NULL, "initiator_id" integer NOT NULL REFERENCES "allocation_district" ("id") DEFERRABLE INITIALLY DEFERRED, "item_id" integer NULL REFERENCES "allocation_item" ("id") DEFERRABLE INITIALLY DEFERRED, "remarks" text NOT NULL, "completed" bool NULL);
INSERT INTO allocation_request VALUES(13,'2020-12-05 08:28:59.642124',5,22,replace(replace('3 Harddrive,\r\n2 TP-link 300Mbps Wireless N Speed N300 TL-WR840N Wi-Fi WiFi Router,\r\nFF-MFL-04 Network Firewall - 150 users','\r',char(13)),'\n',char(10)),0);
INSERT INTO allocation_request VALUES(14,'2020-12-05 08:20:18.588213',1,NULL,replace(replace('D-Link DIR-650IN Wireless N300 Router \r\nTP-Link Archer C80 AC1900 Dual Band Wireless,\r\nFF-MFL-04 Network Firewall - 150 users\r\nTP-link 300Mbps Wireless N Speed N300 TL-WR840N Wi-Fi WiFi Router','\r',char(13)),'\n',char(10)),0);
INSERT INTO allocation_request VALUES(15,'2020-12-05 08:21:36.564882',6,34,'TP-link 300Mbps Wireless N Speed N300 TL-WR840N Wi-Fi WiFi Router',0);
INSERT INTO allocation_request VALUES(16,'2020-12-05 08:22:10.563862',5,41,replace(replace('Wall Mount - 3\r\nKeyboards -6','\r',char(13)),'\n',char(10)),0);
CREATE TABLE IF NOT EXISTS "allocation_reallocation" ("id" integer NOT NULL PRIMARY KEY AUTOINCREMENT, "approved" bool NOT NULL, "accepted" bool NOT NULL, "completed" bool NOT NULL, "initiator_id" integer NOT NULL REFERENCES "allocation_district" ("id") DEFERRABLE INITIALLY DEFERRED, "item_id" integer NOT NULL UNIQUE REFERENCES "allocation_item" ("id") DEFERRABLE INITIALLY DEFERRED, "current_id" integer NULL REFERENCES "allocation_district" ("id") DEFERRABLE INITIALLY DEFERRED, "created" datetime NULL);
INSERT INTO allocation_reallocation VALUES(6,1,0,0,6,26,3,'2020-12-05 08:33:16.171134');
INSERT INTO allocation_reallocation VALUES(7,1,1,0,6,27,3,'2020-12-05 08:33:49.005501');
INSERT INTO allocation_reallocation VALUES(8,1,1,1,6,29,NULL,'2020-12-05 08:33:55.465112');
INSERT INTO allocation_reallocation VALUES(9,1,1,0,5,34,6,'2020-12-05 08:35:17.170896');
CREATE TABLE IF NOT EXISTS "allocation_manufacturer" ("id" integer NOT NULL PRIMARY KEY AUTOINCREMENT, "name" varchar(255) NULL);
INSERT INTO allocation_manufacturer VALUES(1,'Lenovo');
INSERT INTO allocation_manufacturer VALUES(2,'Tp-Link');
INSERT INTO allocation_manufacturer VALUES(3,'Dell');
INSERT INTO allocation_manufacturer VALUES(4,'Apple');
INSERT INTO allocation_manufacturer VALUES(5,'Intel Corp.');
INSERT INTO allocation_manufacturer VALUES(6,'Hp Inc.');
INSERT INTO allocation_manufacturer VALUES(7,'Cisco System Inc.');
INSERT INTO allocation_manufacturer VALUES(8,'Oracle Corp.');
INSERT INTO allocation_manufacturer VALUES(9,'Jabil Circuit Inc.');
INSERT INTO allocation_manufacturer VALUES(10,'Western Digital Corp.');
INSERT INTO allocation_manufacturer VALUES(11,'Texas Instruments Inc.');
CREATE TABLE IF NOT EXISTS "allocation_iteminfo" ("id" integer NOT NULL PRIMARY KEY AUTOINCREMENT, "item_id" integer NULL UNIQUE REFERENCES "allocation_item" ("id") DEFERRABLE INITIALLY DEFERRED, "colour" varchar(255) NULL, "depreciation" real NULL, "purchased_date" datetime NOT NULL, "purchased_price" real NULL, "salvage_value" real NULL, "useful_life" integer NULL, "manufacturer_id" integer NULL REFERENCES "allocation_manufacturer" ("id") DEFERRABLE INITIALLY DEFERRED, "item_code" varchar(255) NULL);
INSERT INTO allocation_iteminfo VALUES(2,22,'Grey',1399.9999999999999999,'2020-12-04 22:11:41.981799',15000.0,8000.0,5,10,'STO 1');
CREATE TABLE IF NOT EXISTS "allocation_category" ("id" integer NOT NULL PRIMARY KEY AUTOINCREMENT, "name" varchar(255) NOT NULL, "category_code" varchar(255) NULL);
INSERT INTO allocation_category VALUES(5,'Input Hardware','IHW');
INSERT INTO allocation_category VALUES(6,'Output Hardware','OHW');
INSERT INTO allocation_category VALUES(7,'Processing','PCSS');
INSERT INTO allocation_category VALUES(8,'Storage','STO');
INSERT INTO allocation_category VALUES(9,'Communication','COMM');
INSERT INTO allocation_category VALUES(10,'Laptop','PC2');
INSERT INTO allocation_category VALUES(11,'Desktop','PC1');
CREATE TABLE IF NOT EXISTS "allocation_supplier" ("id" integer NOT NULL PRIMARY KEY AUTOINCREMENT, "address" varchar(255) NULL, "user_id" integer NOT NULL REFERENCES "allocation_profile" ("user_id") DEFERRABLE INITIALLY DEFERRED, "address2" varchar(255) NULL, "phone_number" varchar(255) NULL, "postal_code" integer NULL, "supplier_code" varchar(255) NULL, "name" varchar(255) NULL);
INSERT INTO allocation_supplier VALUES(1,'Chandmary ,Aizawl',9,'Mizoram','0389-2345678',796001,'SUP12','Sunflower Electronics');
INSERT INTO allocation_supplier VALUES(2,'Millenium Centre,Aizawl',10,'Mizoram','0389-9876543',796001,'SUP13','Computer House');
CREATE TABLE IF NOT EXISTS "allocation_profile" ("user_id" integer NOT NULL PRIMARY KEY REFERENCES "auth_user" ("id") DEFERRABLE INITIALLY DEFERRED, "name" varchar(255) NOT NULL, "profile_status" integer NOT NULL);
INSERT INTO allocation_profile VALUES(1,'AIZAWL',1);
INSERT INTO allocation_profile VALUES(2,'CHAMPHAI DISTRICT MANAGER',3);
INSERT INTO allocation_profile VALUES(3,'MAMIT DISTRICT MANAGER',3);
INSERT INTO allocation_profile VALUES(4,'KOLASIB Manager',3);
INSERT INTO allocation_profile VALUES(5,'SERCHHIP Manager',3);
INSERT INTO allocation_profile VALUES(6,'LUNGLEI Manager',3);
INSERT INTO allocation_profile VALUES(7,'LAWNGTLAI Manager',3);
INSERT INTO allocation_profile VALUES(8,'SAIHA Manager',3);
INSERT INTO allocation_profile VALUES(9,'SUNFLOWERA',2);
INSERT INTO allocation_profile VALUES(10,'COMPUTERHOUSEA',2);
DELETE FROM sqlite_sequence;
INSERT INTO sqlite_sequence VALUES('django_migrations',165);
INSERT INTO sqlite_sequence VALUES('django_admin_log',167);
INSERT INTO sqlite_sequence VALUES('django_content_type',47);
INSERT INTO sqlite_sequence VALUES('auth_permission',185);
INSERT INTO sqlite_sequence VALUES('auth_user',10);
INSERT INTO sqlite_sequence VALUES('auth_group',2);
INSERT INTO sqlite_sequence VALUES('allocation_transaction',0);
INSERT INTO sqlite_sequence VALUES('wagtailcore_collection',1);
INSERT INTO sqlite_sequence VALUES('wagtailcore_pageviewrestriction',0);
INSERT INTO sqlite_sequence VALUES('wagtailcore_pageviewrestriction_groups',0);
INSERT INTO sqlite_sequence VALUES('auth_group_permissions',14);
INSERT INTO sqlite_sequence VALUES('wagtailcore_pagerevision',0);
INSERT INTO sqlite_sequence VALUES('wagtailcore_page',3);
INSERT INTO sqlite_sequence VALUES('wagtailcore_grouppagepermission',7);
INSERT INTO sqlite_sequence VALUES('wagtailcore_site',2);
INSERT INTO sqlite_sequence VALUES('wagtailcore_task',1);
INSERT INTO sqlite_sequence VALUES('wagtailcore_groupapprovaltask_groups',1);
INSERT INTO sqlite_sequence VALUES('wagtailcore_workflow',1);
INSERT INTO sqlite_sequence VALUES('wagtailcore_workflowtask',1);
INSERT INTO sqlite_sequence VALUES('wagtailcore_workflowstate',0);
INSERT INTO sqlite_sequence VALUES('wagtailcore_taskstate',0);
INSERT INTO sqlite_sequence VALUES('wagtailcore_groupcollectionpermission',8);
INSERT INTO sqlite_sequence VALUES('wagtaildocs_document',0);
INSERT INTO sqlite_sequence VALUES('wagtailembeds_embed',0);
INSERT INTO sqlite_sequence VALUES('wagtailforms_formsubmission',0);
INSERT INTO sqlite_sequence VALUES('wagtailredirects_redirect',0);
INSERT INTO sqlite_sequence VALUES('wagtailsearch_editorspick',0);
INSERT INTO sqlite_sequence VALUES('wagtailusers_userprofile',0);
INSERT INTO sqlite_sequence VALUES('allocation_district',8);
INSERT INTO sqlite_sequence VALUES('allocation_item',43);
INSERT INTO sqlite_sequence VALUES('allocation_request',16);
INSERT INTO sqlite_sequence VALUES('allocation_reallocation',9);
INSERT INTO sqlite_sequence VALUES('allocation_manufacturer',11);
INSERT INTO sqlite_sequence VALUES('allocation_iteminfo',2);
INSERT INTO sqlite_sequence VALUES('allocation_category',11);
INSERT INTO sqlite_sequence VALUES('allocation_supplier',2);
CREATE UNIQUE INDEX "auth_group_permissions_group_id_permission_id_0cd325b0_uniq" ON "auth_group_permissions" ("group_id", "permission_id");
CREATE INDEX "auth_group_permissions_group_id_b120cbf9" ON "auth_group_permissions" ("group_id");
CREATE INDEX "auth_group_permissions_permission_id_84c5c92e" ON "auth_group_permissions" ("permission_id");
CREATE UNIQUE INDEX "auth_user_groups_user_id_group_id_94350c0c_uniq" ON "auth_user_groups" ("user_id", "group_id");
CREATE INDEX "auth_user_groups_user_id_6a12ed8b" ON "auth_user_groups" ("user_id");
CREATE INDEX "auth_user_groups_group_id_97559544" ON "auth_user_groups" ("group_id");
CREATE UNIQUE INDEX "auth_user_user_permissions_user_id_permission_id_14a6b632_uniq" ON "auth_user_user_permissions" ("user_id", "permission_id");
CREATE INDEX "auth_user_user_permissions_user_id_a95ead1b" ON "auth_user_user_permissions" ("user_id");
CREATE INDEX "auth_user_user_permissions_permission_id_1fbb5f2c" ON "auth_user_user_permissions" ("permission_id");
CREATE INDEX "django_admin_log_content_type_id_c4bce8eb" ON "django_admin_log" ("content_type_id");
CREATE INDEX "django_admin_log_user_id_c564eba6" ON "django_admin_log" ("user_id");
CREATE UNIQUE INDEX "django_content_type_app_label_model_76bd3d3b_uniq" ON "django_content_type" ("app_label", "model");
CREATE UNIQUE INDEX "auth_permission_content_type_id_codename_01ab375a_uniq" ON "auth_permission" ("content_type_id", "codename");
CREATE INDEX "auth_permission_content_type_id_2f476e4b" ON "auth_permission" ("content_type_id");
CREATE INDEX "allocation_district_manager_id_f5ae5587" ON "allocation_district" ("manager_id");
CREATE UNIQUE INDEX "allocation_transaction_items_transaction_id_request_id_008d92a2_uniq" ON "allocation_transaction_items" ("transaction_id", "request_id");
CREATE INDEX "allocation_transaction_items_transaction_id_175a9a69" ON "allocation_transaction_items" ("transaction_id");
CREATE INDEX "allocation_transaction_items_request_id_73e091c4" ON "allocation_transaction_items" ("request_id");
CREATE INDEX "allocation_transaction_initiator_id_815ba8ef" ON "allocation_transaction" ("initiator_id");
CREATE UNIQUE INDEX "wagtailcore_groupcollectionpermission_group_id_collection_id_permission_id_a21cefe9_uniq" ON "wagtailcore_groupcollectionpermission" ("group_id", "collection_id", "permission_id");
CREATE INDEX "wagtailcore_groupcollectionpermission_collection_id_5423575a" ON "wagtailcore_groupcollectionpermission" ("collection_id");
CREATE INDEX "wagtailcore_groupcollectionpermission_group_id_05d61460" ON "wagtailcore_groupcollectionpermission" ("group_id");
CREATE INDEX "wagtailcore_groupcollectionpermission_permission_id_1b626275" ON "wagtailcore_groupcollectionpermission" ("permission_id");
CREATE INDEX "wagtailcore_pageviewrestriction_page_id_15a8bea6" ON "wagtailcore_pageviewrestriction" ("page_id");
CREATE INDEX "wagtailcore_collectionviewrestriction_collection_id_761908ec" ON "wagtailcore_collectionviewrestriction" ("collection_id");
CREATE UNIQUE INDEX "wagtailcore_collectionviewrestriction_groups_collectionviewrestriction_id_group_id_988995ae_uniq" ON "wagtailcore_collectionviewrestriction_groups" ("collectionviewrestriction_id", "group_id");
CREATE INDEX "wagtailcore_collectionviewrestriction_groups_collectionviewrestriction_id_47320efd" ON "wagtailcore_collectionviewrestriction_groups" ("collectionviewrestriction_id");
CREATE INDEX "wagtailcore_collectionviewrestriction_groups_group_id_1823f2a3" ON "wagtailcore_collectionviewrestriction_groups" ("group_id");
CREATE UNIQUE INDEX "wagtailcore_pageviewrestriction_groups_pageviewrestriction_id_group_id_d23f80bb_uniq" ON "wagtailcore_pageviewrestriction_groups" ("pageviewrestriction_id", "group_id");
CREATE INDEX "wagtailcore_pageviewrestriction_groups_pageviewrestriction_id_f147a99a" ON "wagtailcore_pageviewrestriction_groups" ("pageviewrestriction_id");
CREATE INDEX "wagtailcore_pageviewrestriction_groups_group_id_6460f223" ON "wagtailcore_pageviewrestriction_groups" ("group_id");
CREATE INDEX "django_session_expire_date_a5c62663" ON "django_session" ("expire_date");
CREATE INDEX "taggit_taggeditem_object_id_e2d7d1df" ON "taggit_taggeditem" ("object_id");
CREATE INDEX "taggit_taggeditem_content_type_id_9957a03c" ON "taggit_taggeditem" ("content_type_id");
CREATE INDEX "taggit_taggeditem_tag_id_f4f5b767" ON "taggit_taggeditem" ("tag_id");
CREATE INDEX "taggit_taggeditem_content_type_id_object_id_196cc965_idx" ON "taggit_taggeditem" ("content_type_id", "object_id");
CREATE UNIQUE INDEX "taggit_taggeditem_content_type_id_object_id_tag_id_4bb97a8e_uniq" ON "taggit_taggeditem" ("content_type_id", "object_id", "tag_id");
CREATE INDEX "wagtailcore_pagerevision_submitted_for_moderation_c682e44c" ON "wagtailcore_pagerevision" ("submitted_for_moderation");
CREATE INDEX "wagtailcore_pagerevision_created_at_66954e3b" ON "wagtailcore_pagerevision" ("created_at");
CREATE INDEX "wagtailcore_pagerevision_page_id_d421cc1d" ON "wagtailcore_pagerevision" ("page_id");
CREATE INDEX "wagtailcore_pagerevision_user_id_2409d2f4" ON "wagtailcore_pagerevision" ("user_id");
CREATE INDEX "wagtailcore_pagerevision_approved_go_live_at_e56afc67" ON "wagtailcore_pagerevision" ("approved_go_live_at");
CREATE INDEX "wagtailcore_page_slug_e7c11b8f" ON "wagtailcore_page" ("slug");
CREATE INDEX "wagtailcore_page_content_type_id_c28424df" ON "wagtailcore_page" ("content_type_id");
CREATE INDEX "wagtailcore_page_owner_id_fbf7c332" ON "wagtailcore_page" ("owner_id");
CREATE INDEX "wagtailcore_page_first_published_at_2b5dd637" ON "wagtailcore_page" ("first_published_at");
CREATE INDEX "wagtailcore_page_live_revision_id_930bd822" ON "wagtailcore_page" ("live_revision_id");
CREATE INDEX "wagtailcore_page_locked_by_id_bcb86245" ON "wagtailcore_page" ("locked_by_id");
CREATE UNIQUE INDEX "wagtailcore_grouppagepermission_group_id_page_id_permission_type_0898bdf8_uniq" ON "wagtailcore_grouppagepermission" ("group_id", "page_id", "permission_type");
CREATE INDEX "wagtailcore_grouppagepermission_group_id_fc07e671" ON "wagtailcore_grouppagepermission" ("group_id");
CREATE INDEX "wagtailcore_grouppagepermission_page_id_710b114a" ON "wagtailcore_grouppagepermission" ("page_id");
CREATE UNIQUE INDEX "wagtailcore_site_hostname_port_2c626d70_uniq" ON "wagtailcore_site" ("hostname", "port");
CREATE INDEX "wagtailcore_site_hostname_96b20b46" ON "wagtailcore_site" ("hostname");
CREATE INDEX "wagtailcore_site_root_page_id_e02fb95c" ON "wagtailcore_site" ("root_page_id");
CREATE INDEX "wagtailcore_task_content_type_id_249ab8ba" ON "wagtailcore_task" ("content_type_id");
CREATE INDEX "wagtailcore_workflowpage_workflow_id_56f56ff6" ON "wagtailcore_workflowpage" ("workflow_id");
CREATE UNIQUE INDEX "wagtailcore_workflowtask_workflow_id_task_id_4ec7a62b_uniq" ON "wagtailcore_workflowtask" ("workflow_id", "task_id");
CREATE INDEX "wagtailcore_workflowtask_task_id_ce7716fe" ON "wagtailcore_workflowtask" ("task_id");
CREATE INDEX "wagtailcore_workflowtask_workflow_id_b9717175" ON "wagtailcore_workflowtask" ("workflow_id");
CREATE UNIQUE INDEX "wagtailcore_groupapprovaltask_groups_groupapprovaltask_id_group_id_bb5ee7eb_uniq" ON "wagtailcore_groupapprovaltask_groups" ("groupapprovaltask_id", "group_id");
CREATE INDEX "wagtailcore_groupapprovaltask_groups_groupapprovaltask_id_9a9255ea" ON "wagtailcore_groupapprovaltask_groups" ("groupapprovaltask_id");
CREATE INDEX "wagtailcore_groupapprovaltask_groups_group_id_2e64b61f" ON "wagtailcore_groupapprovaltask_groups" ("group_id");
CREATE INDEX "wagtailcore_workflowstate_page_id_6c962862" ON "wagtailcore_workflowstate" ("page_id");
CREATE INDEX "wagtailcore_workflowstate_requested_by_id_4090bca3" ON "wagtailcore_workflowstate" ("requested_by_id");
CREATE INDEX "wagtailcore_workflowstate_workflow_id_1f18378f" ON "wagtailcore_workflowstate" ("workflow_id");
CREATE UNIQUE INDEX "unique_in_progress_workflow" ON "wagtailcore_workflowstate" ("page_id") WHERE ("status" = 'in_progress' OR "status" = 'needs_changes');
CREATE INDEX "wagtailcore_taskstate_content_type_id_0a758fdc" ON "wagtailcore_taskstate" ("content_type_id");
CREATE INDEX "wagtailcore_taskstate_page_revision_id_9f52c88e" ON "wagtailcore_taskstate" ("page_revision_id");
CREATE INDEX "wagtailcore_taskstate_task_id_c3677c34" ON "wagtailcore_taskstate" ("task_id");
CREATE INDEX "wagtailcore_taskstate_workflow_state_id_9239a775" ON "wagtailcore_taskstate" ("workflow_state_id");
CREATE INDEX "wagtailcore_taskstate_finished_by_id_13f98229" ON "wagtailcore_taskstate" ("finished_by_id");
CREATE INDEX "wagtailcore_pagelogentry_action_c2408198" ON "wagtailcore_pagelogentry" ("action");
CREATE INDEX "wagtailcore_pagelogentry_content_changed_99f27ade" ON "wagtailcore_pagelogentry" ("content_changed");
CREATE INDEX "wagtailcore_pagelogentry_content_type_id_74e7708a" ON "wagtailcore_pagelogentry" ("content_type_id");
CREATE INDEX "wagtailcore_pagelogentry_page_id_8464e327" ON "wagtailcore_pagelogentry" ("page_id");
CREATE INDEX "wagtailcore_pagelogentry_revision_id_8043d103" ON "wagtailcore_pagelogentry" ("revision_id");
CREATE INDEX "wagtailcore_pagelogentry_user_id_604ccfd8" ON "wagtailcore_pagelogentry" ("user_id");
CREATE INDEX "wagtaildocs_document_uploaded_by_user_id_17258b41" ON "wagtaildocs_document" ("uploaded_by_user_id");
CREATE INDEX "wagtaildocs_document_collection_id_23881625" ON "wagtaildocs_document" ("collection_id");
CREATE UNIQUE INDEX "wagtailembeds_embed_url_max_width_8a2922d8_uniq" ON "wagtailembeds_embed" ("url", "max_width");
CREATE INDEX "wagtailforms_formsubmission_page_id_e48e93e7" ON "wagtailforms_formsubmission" ("page_id");
CREATE UNIQUE INDEX "wagtailimages_rendition_image_id_filter_spec_focal_point_key_323c8fe0_uniq" ON "wagtailimages_rendition" ("image_id", "filter_spec", "focal_point_key");
CREATE INDEX "wagtailimages_image_created_at_86fa6cd4" ON "wagtailimages_image" ("created_at");
CREATE INDEX "wagtailimages_image_uploaded_by_user_id_5d73dc75" ON "wagtailimages_image" ("uploaded_by_user_id");
CREATE INDEX "wagtailimages_image_collection_id_c2f8af7e" ON "wagtailimages_image" ("collection_id");
CREATE INDEX "wagtailimages_rendition_filter_spec_1cba3201" ON "wagtailimages_rendition" ("filter_spec");
CREATE INDEX "wagtailimages_rendition_image_id_3e1fd774" ON "wagtailimages_rendition" ("image_id");
CREATE INDEX "wagtailimages_uploadedimage_uploaded_by_user_id_85921689" ON "wagtailimages_uploadedimage" ("uploaded_by_user_id");
CREATE UNIQUE INDEX "wagtailredirects_redirect_old_path_site_id_783622d7_uniq" ON "wagtailredirects_redirect" ("old_path", "site_id");
CREATE INDEX "wagtailredirects_redirect_old_path_bb35247b" ON "wagtailredirects_redirect" ("old_path");
CREATE INDEX "wagtailredirects_redirect_redirect_page_id_b5728a8f" ON "wagtailredirects_redirect" ("redirect_page_id");
CREATE INDEX "wagtailredirects_redirect_site_id_780a0e1e" ON "wagtailredirects_redirect" ("site_id");
CREATE UNIQUE INDEX "wagtailsearch_querydailyhits_query_id_date_1dd232e6_uniq" ON "wagtailsearch_querydailyhits" ("query_id", "date");
CREATE INDEX "wagtailsearch_querydailyhits_query_id_2185994b" ON "wagtailsearch_querydailyhits" ("query_id");
CREATE INDEX "wagtailsearch_editorspick_query_id_c6eee4a0" ON "wagtailsearch_editorspick" ("query_id");
CREATE INDEX "wagtailsearch_editorspick_page_id_28cbc274" ON "wagtailsearch_editorspick" ("page_id");
CREATE INDEX "allocation_item_category_id_aec9407e" ON "allocation_item" ("category_id");
CREATE INDEX "allocation_item_district_id_4b2564d4" ON "allocation_item" ("district_id");
CREATE INDEX "allocation_request_initiator_id_46eb3bc4" ON "allocation_request" ("initiator_id");
CREATE INDEX "allocation_request_item_id_41e3e8b0" ON "allocation_request" ("item_id");
CREATE INDEX "allocation_reallocation_initiator_id_5e62b8b6" ON "allocation_reallocation" ("initiator_id");
CREATE INDEX "allocation_reallocation_current_id_33859679" ON "allocation_reallocation" ("current_id");
CREATE INDEX "allocation_iteminfo_manufacturer_id_08d4433d" ON "allocation_iteminfo" ("manufacturer_id");
CREATE INDEX "allocation_supplier_user_id_7a7cadac" ON "allocation_supplier" ("user_id");
COMMIT;
